-- phpMyAdmin SQL Dump
-- version 4.4.10
-- http://www.phpmyadmin.net
--
-- Host: localhost:3306
-- Generation Time: Jan 22, 2018 at 12:25 PM
-- Server version: 5.5.42
-- PHP Version: 5.6.10

SET SQL_MODE = "NO_AUTO_VALUE_ON_ZERO";
SET time_zone = "+00:00";


/*!40101 SET @OLD_CHARACTER_SET_CLIENT=@@CHARACTER_SET_CLIENT */;
/*!40101 SET @OLD_CHARACTER_SET_RESULTS=@@CHARACTER_SET_RESULTS */;
/*!40101 SET @OLD_COLLATION_CONNECTION=@@COLLATION_CONNECTION */;
/*!40101 SET NAMES utf8mb4 */;

--
-- Database: `ldrp_repository`
--

DELIMITER $$
--
-- Procedures
--
CREATE DEFINER=`root`@`localhost` PROCEDURE `view_student_attandance`( In enroll_number varchar(20))
BEGIN
SELECT Erol,att_testing_struct.Subject_Code as 'Subject Code',subject_data.Subject_Name as 'Subject Name',Lacture_Date,Present FROM att_testing_struct 
INNER JOIN division_data on att_testing_struct.DivisionID=division_data.DivisionID 
INNER JOIN subject_data on att_testing_struct.Subject_Code=subject_data.Subject_Code 
WHERE `Erol`= enroll_number;

END$$

DELIMITER ;

-- --------------------------------------------------------

--
-- Table structure for table `att_testing_struct`
--

CREATE TABLE `att_testing_struct` (
  `Lacture_Date` date NOT NULL,
  `Subject_Code` varchar(6) NOT NULL COMMENT 'Format={LLNNNX} where L= letter, N=Number, X=Extra Flag',
  `Sr no` int(11) NOT NULL,
  `Erol` varchar(20) NOT NULL,
  `DepartmentID` int(11) NOT NULL COMMENT 'FK--->"DepartmentId@att_testing_struct"',
  `Semester` int(11) NOT NULL COMMENT 'FK--->"Semester@att_testing_struct"',
  `DivisionID` int(11) NOT NULL COMMENT 'FK--->"Division@att_testing_struct"',
  `BatchID` int(11) NOT NULL COMMENT 'FK--->"BatchID@att_testing_struct"',
  `Present` tinyint(1) NOT NULL,
  `SDLN` int(10) unsigned NOT NULL DEFAULT '1' COMMENT 'Same_Day_Lecture_Number'
) ENGINE=InnoDB AUTO_INCREMENT=8495 DEFAULT CHARSET=latin1;

--
-- Dumping data for table `att_testing_struct`
--

INSERT INTO `att_testing_struct` (`Lacture_Date`, `Subject_Code`, `Sr no`, `Erol`, `DepartmentID`, `Semester`, `DivisionID`, `BatchID`, `Present`, `SDLN`) VALUES
('2016-03-14', 'CE201', 1, '1519BECE30001', 1, 2, 1, 1, 1, 1),
('2016-03-17', 'CE201', 2, '1519BECE30001', 1, 2, 1, 1, 1, 1),
('2016-03-17', 'CE201', 3, '1519BECE30001', 1, 2, 1, 1, 1, 2),
('2016-03-14', 'CE201', 4, '1519BECE30002', 1, 2, 1, 1, 0, 1),
('2016-03-17', 'CE201', 5, '1519BECE30002', 1, 2, 1, 1, 1, 1),
('2016-03-17', 'CE201', 6, '1519BECE30002', 1, 2, 1, 1, 1, 2),
('2016-03-14', 'CE201', 7, '1519BECE30003', 1, 2, 1, 1, 1, 1),
('2016-03-17', 'CE201', 8, '1519BECE30003', 1, 2, 1, 1, 1, 1),
('2016-03-17', 'CE201', 9, '1519BECE30003', 1, 2, 1, 1, 1, 2),
('2016-03-14', 'CE201', 10, '1519BECE30004', 1, 2, 1, 1, 1, 1),
('2016-03-17', 'CE201', 11, '1519BECE30004', 1, 2, 1, 1, 1, 1),
('2016-03-17', 'CE201', 12, '1519BECE30004', 1, 2, 1, 1, 1, 2),
('2016-03-14', 'CE201', 13, '1519BECE30005', 1, 2, 1, 1, 1, 1),
('2016-03-17', 'CE201', 14, '1519BECE30005', 1, 2, 1, 1, 1, 1),
('2016-03-17', 'CE201', 15, '1519BECE30005', 1, 2, 1, 1, 1, 2),
('2016-03-14', 'CE201', 16, '1519BECE30006', 1, 2, 1, 1, 0, 1),
('2016-03-17', 'CE201', 17, '1519BECE30006', 1, 2, 1, 1, 1, 1),
('2016-03-17', 'CE201', 18, '1519BECE30006', 1, 2, 1, 1, 1, 2),
('2016-03-14', 'CE201', 19, '1519BECE30007', 1, 2, 1, 1, 0, 1),
('2016-03-17', 'CE201', 20, '1519BECE30007', 1, 2, 1, 1, 0, 1),
('2016-03-17', 'CE201', 21, '1519BECE30007', 1, 2, 1, 1, 0, 2),
('2016-03-14', 'CE201', 22, '1519BECE30008', 1, 2, 1, 1, 1, 1),
('2016-03-17', 'CE201', 23, '1519BECE30008', 1, 2, 1, 1, 1, 1),
('2016-03-17', 'CE201', 24, '1519BECE30008', 1, 2, 1, 1, 1, 2),
('2016-03-14', 'CE201', 25, '1519BECE30009', 1, 2, 1, 1, 1, 1),
('2016-03-17', 'CE201', 26, '1519BECE30009', 1, 2, 1, 1, 1, 1),
('2016-03-17', 'CE201', 27, '1519BECE30009', 1, 2, 1, 1, 1, 2),
('2016-03-14', 'CE201', 28, '1519BECE30010', 1, 2, 1, 1, 0, 1),
('2016-03-17', 'CE201', 29, '1519BECE30010', 1, 2, 1, 1, 1, 1),
('2016-03-17', 'CE201', 30, '1519BECE30010', 1, 2, 1, 1, 1, 2),
('2016-03-14', 'CE201', 31, '1519BECE30011', 1, 2, 1, 1, 1, 1),
('2016-03-17', 'CE201', 32, '1519BECE30011', 1, 2, 1, 1, 1, 1),
('2016-03-17', 'CE201', 33, '1519BECE30011', 1, 2, 1, 1, 1, 2),
('2016-03-14', 'CE201', 34, '1519BECE30012', 1, 2, 1, 1, 0, 1),
('2016-03-17', 'CE201', 35, '1519BECE30012', 1, 2, 1, 1, 0, 1),
('2016-03-17', 'CE201', 36, '1519BECE30012', 1, 2, 1, 1, 0, 2),
('2016-03-14', 'CE201', 37, '1519BECE30013', 1, 2, 1, 1, 1, 1),
('2016-03-17', 'CE201', 38, '1519BECE30013', 1, 2, 1, 1, 1, 1),
('2016-03-17', 'CE201', 39, '1519BECE30013', 1, 2, 1, 1, 1, 2),
('2016-03-14', 'CE201', 40, '1519BECE30014', 1, 2, 1, 1, 1, 1),
('2016-03-17', 'CE201', 41, '1519BECE30014', 1, 2, 1, 1, 1, 1),
('2016-03-17', 'CE201', 42, '1519BECE30014', 1, 2, 1, 1, 1, 2),
('2016-03-14', 'CE201', 43, '1519BECE30015', 1, 2, 1, 1, 1, 1),
('2016-03-17', 'CE201', 44, '1519BECE30015', 1, 2, 1, 1, 1, 1),
('2016-03-17', 'CE201', 45, '1519BECE30015', 1, 2, 1, 1, 1, 2),
('2016-03-14', 'CE201', 46, '1519BECE30016', 1, 2, 1, 1, 1, 1),
('2016-03-17', 'CE201', 47, '1519BECE30016', 1, 2, 1, 1, 1, 1),
('2016-03-17', 'CE201', 48, '1519BECE30016', 1, 2, 1, 1, 1, 2),
('2016-03-14', 'CE201', 49, '1519BECE30017', 1, 2, 1, 1, 0, 1),
('2016-03-17', 'CE201', 50, '1519BECE30017', 1, 2, 1, 1, 0, 1),
('2016-03-17', 'CE201', 51, '1519BECE30017', 1, 2, 1, 1, 0, 2),
('2016-03-14', 'CE201', 52, '1519BECE30018', 1, 2, 1, 1, 1, 1),
('2016-03-17', 'CE201', 53, '1519BECE30018', 1, 2, 1, 1, 1, 1),
('2016-03-17', 'CE201', 54, '1519BECE30018', 1, 2, 1, 1, 1, 2),
('2016-03-14', 'CE201', 55, '1519BECE30019', 1, 2, 1, 1, 0, 1),
('2016-03-17', 'CE201', 56, '1519BECE30019', 1, 2, 1, 1, 0, 1),
('2016-03-17', 'CE201', 57, '1519BECE30019', 1, 2, 1, 1, 0, 2),
('2016-03-14', 'CE201', 58, '1519BECE30020', 1, 2, 1, 1, 0, 1),
('2016-03-17', 'CE201', 59, '1519BECE30020', 1, 2, 1, 1, 1, 1),
('2016-03-17', 'CE201', 60, '1519BECE30020', 1, 2, 1, 1, 1, 2),
('2016-03-14', 'CE201', 61, '1519BECE30022', 1, 2, 1, 1, 0, 1),
('2016-03-17', 'CE201', 62, '1519BECE30022', 1, 2, 1, 1, 0, 1),
('2016-03-17', 'CE201', 63, '1519BECE30022', 1, 2, 1, 1, 0, 2),
('2016-03-14', 'CE201', 64, '1519BECE30023', 1, 2, 1, 1, 1, 1),
('2016-03-17', 'CE201', 65, '1519BECE30023', 1, 2, 1, 1, 1, 1),
('2016-03-17', 'CE201', 66, '1519BECE30023', 1, 2, 1, 1, 1, 2),
('2016-03-14', 'CE201', 67, '1519BECE30024', 1, 2, 1, 1, 1, 1),
('2016-03-17', 'CE201', 68, '1519BECE30024', 1, 2, 1, 1, 1, 1),
('2016-03-17', 'CE201', 69, '1519BECE30024', 1, 2, 1, 1, 1, 2),
('2016-03-14', 'CE201', 70, '1519BECE30025', 1, 2, 1, 1, 0, 1),
('2016-03-17', 'CE201', 71, '1519BECE30025', 1, 2, 1, 1, 0, 1),
('2016-03-17', 'CE201', 72, '1519BECE30025', 1, 2, 1, 1, 0, 2),
('2016-03-14', 'CE201', 73, '1519BECE30026', 1, 2, 1, 1, 0, 1),
('2016-03-17', 'CE201', 74, '1519BECE30026', 1, 2, 1, 1, 0, 1),
('2016-03-17', 'CE201', 75, '1519BECE30026', 1, 2, 1, 1, 0, 2),
('2016-03-14', 'CE201', 76, '1519BECE30027', 1, 2, 1, 1, 1, 1),
('2016-03-17', 'CE201', 77, '1519BECE30027', 1, 2, 1, 1, 1, 1),
('2016-03-17', 'CE201', 78, '1519BECE30027', 1, 2, 1, 1, 1, 2),
('2016-03-14', 'CE201', 79, '1519BECE30028', 1, 2, 1, 1, 1, 1),
('2016-03-17', 'CE201', 80, '1519BECE30028', 1, 2, 1, 1, 1, 1),
('2016-03-17', 'CE201', 81, '1519BECE30028', 1, 2, 1, 1, 1, 2),
('2016-03-14', 'CE201', 82, '1519BECE30029', 1, 2, 1, 1, 1, 1),
('2016-03-17', 'CE201', 83, '1519BECE30029', 1, 2, 1, 1, 1, 1),
('2016-03-17', 'CE201', 84, '1519BECE30029', 1, 2, 1, 1, 1, 2),
('2016-03-14', 'CE201', 85, '1519BECE30030', 1, 2, 1, 1, 1, 1),
('2016-03-17', 'CE201', 86, '1519BECE30030', 1, 2, 1, 1, 1, 1),
('2016-03-17', 'CE201', 87, '1519BECE30030', 1, 2, 1, 1, 1, 2),
('2016-03-14', 'CE201', 88, '1519BECE30031', 1, 2, 1, 1, 0, 1),
('2016-03-17', 'CE201', 89, '1519BECE30031', 1, 2, 1, 1, 0, 1),
('2016-03-17', 'CE201', 90, '1519BECE30031', 1, 2, 1, 1, 0, 2),
('2016-03-14', 'CE201', 91, '1519BECE30032', 1, 2, 1, 1, 1, 1),
('2016-03-17', 'CE201', 92, '1519BECE30032', 1, 2, 1, 1, 1, 1),
('2016-03-17', 'CE201', 93, '1519BECE30032', 1, 2, 1, 1, 1, 2),
('2016-03-14', 'CE201', 94, '1519BECE30033', 1, 2, 1, 1, 0, 1),
('2016-03-17', 'CE201', 95, '1519BECE30033', 1, 2, 1, 1, 1, 1),
('2016-03-17', 'CE201', 96, '1519BECE30033', 1, 2, 1, 1, 1, 2),
('2016-03-14', 'CE201', 97, '1519BECE30034', 1, 2, 1, 1, 1, 1),
('2016-03-17', 'CE201', 98, '1519BECE30034', 1, 2, 1, 1, 1, 1),
('2016-03-17', 'CE201', 99, '1519BECE30034', 1, 2, 1, 1, 1, 2),
('2016-03-14', 'CE201', 100, '1519BECE30035', 1, 2, 1, 1, 1, 1),
('2016-03-17', 'CE201', 101, '1519BECE30035', 1, 2, 1, 1, 1, 1),
('2016-03-17', 'CE201', 102, '1519BECE30035', 1, 2, 1, 1, 1, 2),
('2016-03-14', 'CE201', 103, '1519BECE30036', 1, 2, 1, 1, 1, 1),
('2016-03-17', 'CE201', 104, '1519BECE30036', 1, 2, 1, 1, 1, 1),
('2016-03-17', 'CE201', 105, '1519BECE30036', 1, 2, 1, 1, 1, 2),
('2016-03-14', 'CE201', 106, '1519BECE30037', 1, 2, 1, 1, 0, 1),
('2016-03-17', 'CE201', 107, '1519BECE30037', 1, 2, 1, 1, 0, 1),
('2016-03-17', 'CE201', 108, '1519BECE30037', 1, 2, 1, 1, 0, 2),
('2016-03-14', 'CE201', 109, '1519BECE30038', 1, 2, 1, 1, 1, 1),
('2016-03-17', 'CE201', 110, '1519BECE30038', 1, 2, 1, 1, 1, 1),
('2016-03-17', 'CE201', 111, '1519BECE30038', 1, 2, 1, 1, 1, 2),
('2016-03-14', 'CE201', 112, '1519BECE30039', 1, 2, 1, 1, 1, 1),
('2016-03-17', 'CE201', 113, '1519BECE30039', 1, 2, 1, 1, 1, 1),
('2016-03-17', 'CE201', 114, '1519BECE30039', 1, 2, 1, 1, 1, 2),
('2016-03-14', 'CE201', 115, '1519BECE30040', 1, 2, 1, 1, 0, 1),
('2016-03-17', 'CE201', 116, '1519BECE30040', 1, 2, 1, 1, 0, 1),
('2016-03-17', 'CE201', 117, '1519BECE30040', 1, 2, 1, 1, 0, 2),
('2016-03-14', 'CE201', 118, '1519BECE30041', 1, 2, 1, 1, 1, 1),
('2016-03-17', 'CE201', 119, '1519BECE30041', 1, 2, 1, 1, 1, 1),
('2016-03-17', 'CE201', 120, '1519BECE30041', 1, 2, 1, 1, 1, 2),
('2016-03-14', 'CE201', 121, '1519BECE30042', 1, 2, 1, 1, 0, 1),
('2016-03-17', 'CE201', 122, '1519BECE30042', 1, 2, 1, 1, 0, 1),
('2016-03-17', 'CE201', 123, '1519BECE30042', 1, 2, 1, 1, 0, 2),
('2016-03-14', 'CE201', 124, '1519BECE30043', 1, 2, 1, 1, 1, 1),
('2016-03-17', 'CE201', 125, '1519BECE30043', 1, 2, 1, 1, 1, 1),
('2016-03-17', 'CE201', 126, '1519BECE30043', 1, 2, 1, 1, 1, 2),
('2016-03-14', 'CE201', 127, '1519BECE30044', 1, 2, 1, 1, 1, 1),
('2016-03-17', 'CE201', 128, '1519BECE30044', 1, 2, 1, 1, 1, 1),
('2016-03-17', 'CE201', 129, '1519BECE30044', 1, 2, 1, 1, 1, 2),
('2016-03-14', 'CE201', 130, '1519BECE30045', 1, 2, 1, 1, 0, 1),
('2016-03-17', 'CE201', 131, '1519BECE30045', 1, 2, 1, 1, 0, 1),
('2016-03-17', 'CE201', 132, '1519BECE30045', 1, 2, 1, 1, 0, 2),
('2016-03-14', 'CE201', 133, '1519BECE30046', 1, 2, 1, 1, 0, 1),
('2016-03-17', 'CE201', 134, '1519BECE30046', 1, 2, 1, 1, 0, 1),
('2016-03-17', 'CE201', 135, '1519BECE30046', 1, 2, 1, 1, 0, 2),
('2016-03-14', 'CE201', 136, '1519BECE30047', 1, 2, 1, 1, 0, 1),
('2016-03-17', 'CE201', 137, '1519BECE30047', 1, 2, 1, 1, 0, 1),
('2016-03-17', 'CE201', 138, '1519BECE30047', 1, 2, 1, 1, 0, 2),
('2016-03-14', 'CE201', 139, '1519BECE30048', 1, 2, 1, 1, 1, 1),
('2016-03-17', 'CE201', 140, '1519BECE30048', 1, 2, 1, 1, 1, 1),
('2016-03-17', 'CE201', 141, '1519BECE30048', 1, 2, 1, 1, 1, 2),
('2016-03-14', 'CE201', 142, '1519BECE30049', 1, 2, 1, 1, 1, 1),
('2016-03-17', 'CE201', 143, '1519BECE30049', 1, 2, 1, 1, 1, 1),
('2016-03-17', 'CE201', 144, '1519BECE30049', 1, 2, 1, 1, 1, 2),
('2016-03-14', 'CE201', 145, '1519BECE30050', 1, 2, 1, 1, 0, 1),
('2016-03-17', 'CE201', 146, '1519BECE30050', 1, 2, 1, 1, 1, 1),
('2016-03-17', 'CE201', 147, '1519BECE30050', 1, 2, 1, 1, 1, 2),
('2016-03-14', 'CE201', 148, '1519BECE30051', 1, 2, 1, 1, 1, 1),
('2016-03-17', 'CE201', 149, '1519BECE30051', 1, 2, 1, 1, 1, 1),
('2016-03-17', 'CE201', 150, '1519BECE30051', 1, 2, 1, 1, 1, 2),
('2016-03-14', 'CE201', 151, '1519BECE30052', 1, 2, 1, 1, 1, 1),
('2016-03-17', 'CE201', 152, '1519BECE30052', 1, 2, 1, 1, 1, 1),
('2016-03-17', 'CE201', 153, '1519BECE30052', 1, 2, 1, 1, 1, 2),
('2016-03-14', 'CE201', 154, '1519BECE30053', 1, 2, 1, 1, 1, 1),
('2016-03-17', 'CE201', 155, '1519BECE30053', 1, 2, 1, 1, 1, 1),
('2016-03-17', 'CE201', 156, '1519BECE30053', 1, 2, 1, 1, 1, 2),
('2016-03-14', 'CE201', 157, '1519BECE30055', 1, 2, 1, 1, 1, 1),
('2016-03-17', 'CE201', 158, '1519BECE30055', 1, 2, 1, 1, 1, 1),
('2016-03-17', 'CE201', 159, '1519BECE30055', 1, 2, 1, 1, 1, 2),
('2016-03-14', 'CE201', 160, '1519BECE30056', 1, 2, 1, 1, 1, 1),
('2016-03-17', 'CE201', 161, '1519BECE30056', 1, 2, 1, 1, 1, 1),
('2016-03-17', 'CE201', 162, '1519BECE30056', 1, 2, 1, 1, 1, 2),
('2016-03-14', 'CE201', 163, '1519BECE30057', 1, 2, 1, 1, 1, 1),
('2016-03-17', 'CE201', 164, '1519BECE30057', 1, 2, 1, 1, 1, 1),
('2016-03-17', 'CE201', 165, '1519BECE30057', 1, 2, 1, 1, 1, 2),
('2016-03-14', 'CE201', 166, '1519BECE30058', 1, 2, 1, 1, 1, 1),
('2016-03-17', 'CE201', 167, '1519BECE30058', 1, 2, 1, 1, 1, 1),
('2016-03-17', 'CE201', 168, '1519BECE30058', 1, 2, 1, 1, 1, 2),
('2016-03-14', 'CE201', 169, '1519BECE30059', 1, 2, 1, 1, 1, 1),
('2016-03-17', 'CE201', 170, '1519BECE30059', 1, 2, 1, 1, 1, 1),
('2016-03-17', 'CE201', 171, '1519BECE30059', 1, 2, 1, 1, 1, 2),
('2016-03-14', 'CE201', 172, '1519BECE30060', 1, 2, 1, 1, 1, 1),
('2016-03-17', 'CE201', 173, '1519BECE30060', 1, 2, 1, 1, 1, 1),
('2016-03-17', 'CE201', 174, '1519BECE30060', 1, 2, 1, 1, 1, 2),
('2016-03-14', 'CE201', 175, '1519BECE30061', 1, 2, 1, 1, 1, 1),
('2016-03-17', 'CE201', 176, '1519BECE30061', 1, 2, 1, 1, 1, 1),
('2016-03-17', 'CE201', 177, '1519BECE30061', 1, 2, 1, 1, 1, 2),
('2016-03-14', 'CE201', 178, '1519BECE30062', 1, 2, 1, 1, 1, 1),
('2016-03-17', 'CE201', 179, '1519BECE30062', 1, 2, 1, 1, 1, 1),
('2016-03-17', 'CE201', 180, '1519BECE30062', 1, 2, 1, 1, 1, 2),
('2016-03-14', 'CE201', 181, '1519BECE30063', 1, 2, 1, 1, 1, 1),
('2016-03-17', 'CE201', 182, '1519BECE30063', 1, 2, 1, 1, 1, 1),
('2016-03-17', 'CE201', 183, '1519BECE30063', 1, 2, 1, 1, 1, 2),
('2016-03-14', 'CE201', 184, '1418BECE30022', 1, 2, 1, 1, 0, 1),
('2016-03-17', 'CE201', 185, '1418BECE30022', 1, 2, 1, 1, 0, 1),
('2016-03-17', 'CE201', 186, '1418BECE30022', 1, 2, 1, 1, 0, 2),
('2016-03-14', 'CE202', 187, '1519BECE30001', 1, 2, 1, 1, 1, 1),
('2016-03-17', 'CE202', 188, '1519BECE30001', 1, 2, 1, 1, 1, 1),
('2016-03-17', 'CE202', 189, '1519BECE30001', 1, 2, 1, 1, 1, 2),
('2016-03-14', 'CE202', 190, '1519BECE30002', 1, 2, 1, 1, 0, 1),
('2016-03-17', 'CE202', 191, '1519BECE30002', 1, 2, 1, 1, 1, 1),
('2016-03-17', 'CE202', 192, '1519BECE30002', 1, 2, 1, 1, 1, 2),
('2016-03-14', 'CE202', 193, '1519BECE30003', 1, 2, 1, 1, 1, 1),
('2016-03-17', 'CE202', 194, '1519BECE30003', 1, 2, 1, 1, 1, 1),
('2016-03-17', 'CE202', 195, '1519BECE30003', 1, 2, 1, 1, 1, 2),
('2016-03-14', 'CE202', 196, '1519BECE30004', 1, 2, 1, 1, 1, 1),
('2016-03-17', 'CE202', 197, '1519BECE30004', 1, 2, 1, 1, 1, 1),
('2016-03-17', 'CE202', 198, '1519BECE30004', 1, 2, 1, 1, 1, 2),
('2016-03-14', 'CE202', 199, '1519BECE30005', 1, 2, 1, 1, 1, 1),
('2016-03-17', 'CE202', 200, '1519BECE30005', 1, 2, 1, 1, 1, 1),
('2016-03-17', 'CE202', 201, '1519BECE30005', 1, 2, 1, 1, 1, 2),
('2016-03-14', 'CE202', 202, '1519BECE30006', 1, 2, 1, 1, 0, 1),
('2016-03-17', 'CE202', 203, '1519BECE30006', 1, 2, 1, 1, 1, 1),
('2016-03-17', 'CE202', 204, '1519BECE30006', 1, 2, 1, 1, 1, 2),
('2016-03-14', 'CE202', 205, '1519BECE30007', 1, 2, 1, 1, 0, 1),
('2016-03-17', 'CE202', 206, '1519BECE30007', 1, 2, 1, 1, 0, 1),
('2016-03-17', 'CE202', 207, '1519BECE30007', 1, 2, 1, 1, 0, 2),
('2016-03-14', 'CE202', 208, '1519BECE30008', 1, 2, 1, 1, 1, 1),
('2016-03-17', 'CE202', 209, '1519BECE30008', 1, 2, 1, 1, 1, 1),
('2016-03-17', 'CE202', 210, '1519BECE30008', 1, 2, 1, 1, 1, 2),
('2016-03-14', 'CE202', 211, '1519BECE30009', 1, 2, 1, 1, 1, 1),
('2016-03-17', 'CE202', 212, '1519BECE30009', 1, 2, 1, 1, 1, 1),
('2016-03-17', 'CE202', 213, '1519BECE30009', 1, 2, 1, 1, 1, 2),
('2016-03-14', 'CE202', 214, '1519BECE30010', 1, 2, 1, 1, 0, 1),
('2016-03-17', 'CE202', 215, '1519BECE30010', 1, 2, 1, 1, 1, 1),
('2016-03-17', 'CE202', 216, '1519BECE30010', 1, 2, 1, 1, 1, 2),
('2016-03-14', 'CE202', 217, '1519BECE30011', 1, 2, 1, 1, 1, 1),
('2016-03-17', 'CE202', 218, '1519BECE30011', 1, 2, 1, 1, 1, 1),
('2016-03-17', 'CE202', 219, '1519BECE30011', 1, 2, 1, 1, 1, 2),
('2016-03-14', 'CE202', 220, '1519BECE30012', 1, 2, 1, 1, 0, 1),
('2016-03-17', 'CE202', 221, '1519BECE30012', 1, 2, 1, 1, 0, 1),
('2016-03-17', 'CE202', 222, '1519BECE30012', 1, 2, 1, 1, 0, 2),
('2016-03-14', 'CE202', 223, '1519BECE30013', 1, 2, 1, 1, 1, 1),
('2016-03-17', 'CE202', 224, '1519BECE30013', 1, 2, 1, 1, 1, 1),
('2016-03-17', 'CE202', 225, '1519BECE30013', 1, 2, 1, 1, 1, 2),
('2016-03-14', 'CE202', 226, '1519BECE30014', 1, 2, 1, 1, 1, 1),
('2016-03-17', 'CE202', 227, '1519BECE30014', 1, 2, 1, 1, 1, 1),
('2016-03-17', 'CE202', 228, '1519BECE30014', 1, 2, 1, 1, 1, 2),
('2016-03-14', 'CE202', 229, '1519BECE30015', 1, 2, 1, 1, 1, 1),
('2016-03-17', 'CE202', 230, '1519BECE30015', 1, 2, 1, 1, 1, 1),
('2016-03-17', 'CE202', 231, '1519BECE30015', 1, 2, 1, 1, 1, 2),
('2016-03-14', 'CE202', 232, '1519BECE30016', 1, 2, 1, 1, 1, 1),
('2016-03-17', 'CE202', 233, '1519BECE30016', 1, 2, 1, 1, 1, 1),
('2016-03-17', 'CE202', 234, '1519BECE30016', 1, 2, 1, 1, 1, 2),
('2016-03-14', 'CE202', 235, '1519BECE30017', 1, 2, 1, 1, 0, 1),
('2016-03-17', 'CE202', 236, '1519BECE30017', 1, 2, 1, 1, 0, 1),
('2016-03-17', 'CE202', 237, '1519BECE30017', 1, 2, 1, 1, 0, 2),
('2016-03-14', 'CE202', 238, '1519BECE30018', 1, 2, 1, 1, 1, 1),
('2016-03-17', 'CE202', 239, '1519BECE30018', 1, 2, 1, 1, 1, 1),
('2016-03-17', 'CE202', 240, '1519BECE30018', 1, 2, 1, 1, 1, 2),
('2016-03-14', 'CE202', 241, '1519BECE30019', 1, 2, 1, 1, 0, 1),
('2016-03-17', 'CE202', 242, '1519BECE30019', 1, 2, 1, 1, 0, 1),
('2016-03-17', 'CE202', 243, '1519BECE30019', 1, 2, 1, 1, 0, 2),
('2016-03-14', 'CE202', 244, '1519BECE30020', 1, 2, 1, 1, 0, 1),
('2016-03-17', 'CE202', 245, '1519BECE30020', 1, 2, 1, 1, 1, 1),
('2016-03-17', 'CE202', 246, '1519BECE30020', 1, 2, 1, 1, 1, 2),
('2016-03-14', 'CE202', 247, '1519BECE30022', 1, 2, 1, 1, 0, 1),
('2016-03-17', 'CE202', 248, '1519BECE30022', 1, 2, 1, 1, 0, 1),
('2016-03-17', 'CE202', 249, '1519BECE30022', 1, 2, 1, 1, 0, 2),
('2016-03-14', 'CE202', 250, '1519BECE30023', 1, 2, 1, 1, 1, 1),
('2016-03-17', 'CE202', 251, '1519BECE30023', 1, 2, 1, 1, 1, 1),
('2016-03-17', 'CE202', 252, '1519BECE30023', 1, 2, 1, 1, 1, 2),
('2016-03-14', 'CE202', 253, '1519BECE30024', 1, 2, 1, 1, 1, 1),
('2016-03-17', 'CE202', 254, '1519BECE30024', 1, 2, 1, 1, 1, 1),
('2016-03-17', 'CE202', 255, '1519BECE30024', 1, 2, 1, 1, 1, 2),
('2016-03-14', 'CE202', 256, '1519BECE30025', 1, 2, 1, 1, 0, 1),
('2016-03-17', 'CE202', 257, '1519BECE30025', 1, 2, 1, 1, 0, 1),
('2016-03-17', 'CE202', 258, '1519BECE30025', 1, 2, 1, 1, 0, 2),
('2016-03-14', 'CE202', 259, '1519BECE30026', 1, 2, 1, 1, 0, 1),
('2016-03-17', 'CE202', 260, '1519BECE30026', 1, 2, 1, 1, 0, 1),
('2016-03-17', 'CE202', 261, '1519BECE30026', 1, 2, 1, 1, 0, 2),
('2016-03-14', 'CE202', 262, '1519BECE30027', 1, 2, 1, 1, 1, 1),
('2016-03-17', 'CE202', 263, '1519BECE30027', 1, 2, 1, 1, 1, 1),
('2016-03-17', 'CE202', 264, '1519BECE30027', 1, 2, 1, 1, 1, 2),
('2016-03-14', 'CE202', 265, '1519BECE30028', 1, 2, 1, 1, 1, 1),
('2016-03-17', 'CE202', 266, '1519BECE30028', 1, 2, 1, 1, 1, 1),
('2016-03-17', 'CE202', 267, '1519BECE30028', 1, 2, 1, 1, 1, 2),
('2016-03-14', 'CE202', 268, '1519BECE30029', 1, 2, 1, 1, 1, 1),
('2016-03-17', 'CE202', 269, '1519BECE30029', 1, 2, 1, 1, 1, 1),
('2016-03-17', 'CE202', 270, '1519BECE30029', 1, 2, 1, 1, 1, 2),
('2016-03-14', 'CE202', 271, '1519BECE30030', 1, 2, 1, 1, 1, 1),
('2016-03-17', 'CE202', 272, '1519BECE30030', 1, 2, 1, 1, 1, 1),
('2016-03-17', 'CE202', 273, '1519BECE30030', 1, 2, 1, 1, 1, 2),
('2016-03-14', 'CE202', 274, '1519BECE30031', 1, 2, 1, 1, 0, 1),
('2016-03-17', 'CE202', 275, '1519BECE30031', 1, 2, 1, 1, 0, 1),
('2016-03-17', 'CE202', 276, '1519BECE30031', 1, 2, 1, 1, 0, 2),
('2016-03-14', 'CE202', 277, '1519BECE30032', 1, 2, 1, 1, 1, 1),
('2016-03-17', 'CE202', 278, '1519BECE30032', 1, 2, 1, 1, 1, 1),
('2016-03-17', 'CE202', 279, '1519BECE30032', 1, 2, 1, 1, 1, 2),
('2016-03-14', 'CE202', 280, '1519BECE30033', 1, 2, 1, 1, 0, 1),
('2016-03-17', 'CE202', 281, '1519BECE30033', 1, 2, 1, 1, 1, 1),
('2016-03-17', 'CE202', 282, '1519BECE30033', 1, 2, 1, 1, 1, 2),
('2016-03-14', 'CE202', 283, '1519BECE30034', 1, 2, 1, 1, 1, 1),
('2016-03-17', 'CE202', 284, '1519BECE30034', 1, 2, 1, 1, 1, 1),
('2016-03-17', 'CE202', 285, '1519BECE30034', 1, 2, 1, 1, 1, 2),
('2016-03-14', 'CE202', 286, '1519BECE30035', 1, 2, 1, 1, 1, 1),
('2016-03-17', 'CE202', 287, '1519BECE30035', 1, 2, 1, 1, 1, 1),
('2016-03-17', 'CE202', 288, '1519BECE30035', 1, 2, 1, 1, 1, 2),
('2016-03-14', 'CE202', 289, '1519BECE30036', 1, 2, 1, 1, 1, 1),
('2016-03-17', 'CE202', 290, '1519BECE30036', 1, 2, 1, 1, 1, 1),
('2016-03-17', 'CE202', 291, '1519BECE30036', 1, 2, 1, 1, 1, 2),
('2016-03-14', 'CE202', 292, '1519BECE30037', 1, 2, 1, 1, 0, 1),
('2016-03-17', 'CE202', 293, '1519BECE30037', 1, 2, 1, 1, 0, 1),
('2016-03-17', 'CE202', 294, '1519BECE30037', 1, 2, 1, 1, 0, 2),
('2016-03-14', 'CE202', 295, '1519BECE30038', 1, 2, 1, 1, 1, 1),
('2016-03-17', 'CE202', 296, '1519BECE30038', 1, 2, 1, 1, 1, 1),
('2016-03-17', 'CE202', 297, '1519BECE30038', 1, 2, 1, 1, 1, 2),
('2016-03-14', 'CE202', 298, '1519BECE30039', 1, 2, 1, 1, 1, 1),
('2016-03-17', 'CE202', 299, '1519BECE30039', 1, 2, 1, 1, 1, 1),
('2016-03-17', 'CE202', 300, '1519BECE30039', 1, 2, 1, 1, 1, 2),
('2016-03-14', 'CE202', 301, '1519BECE30040', 1, 2, 1, 1, 0, 1),
('2016-03-17', 'CE202', 302, '1519BECE30040', 1, 2, 1, 1, 0, 1),
('2016-03-17', 'CE202', 303, '1519BECE30040', 1, 2, 1, 1, 0, 2),
('2016-03-14', 'CE202', 304, '1519BECE30041', 1, 2, 1, 1, 1, 1),
('2016-03-17', 'CE202', 305, '1519BECE30041', 1, 2, 1, 1, 1, 1),
('2016-03-17', 'CE202', 306, '1519BECE30041', 1, 2, 1, 1, 1, 2),
('2016-03-14', 'CE202', 307, '1519BECE30042', 1, 2, 1, 1, 0, 1),
('2016-03-17', 'CE202', 308, '1519BECE30042', 1, 2, 1, 1, 0, 1),
('2016-03-17', 'CE202', 309, '1519BECE30042', 1, 2, 1, 1, 0, 2),
('2016-03-14', 'CE202', 310, '1519BECE30043', 1, 2, 1, 1, 1, 1),
('2016-03-17', 'CE202', 311, '1519BECE30043', 1, 2, 1, 1, 1, 1),
('2016-03-17', 'CE202', 312, '1519BECE30043', 1, 2, 1, 1, 1, 2),
('2016-03-14', 'CE202', 313, '1519BECE30044', 1, 2, 1, 1, 1, 1),
('2016-03-17', 'CE202', 314, '1519BECE30044', 1, 2, 1, 1, 1, 1),
('2016-03-17', 'CE202', 315, '1519BECE30044', 1, 2, 1, 1, 1, 2),
('2016-03-14', 'CE202', 316, '1519BECE30045', 1, 2, 1, 1, 0, 1),
('2016-03-17', 'CE202', 317, '1519BECE30045', 1, 2, 1, 1, 0, 1),
('2016-03-17', 'CE202', 318, '1519BECE30045', 1, 2, 1, 1, 0, 2),
('2016-03-14', 'CE202', 319, '1519BECE30046', 1, 2, 1, 1, 0, 1),
('2016-03-17', 'CE202', 320, '1519BECE30046', 1, 2, 1, 1, 0, 1),
('2016-03-17', 'CE202', 321, '1519BECE30046', 1, 2, 1, 1, 0, 2),
('2016-03-14', 'CE202', 322, '1519BECE30047', 1, 2, 1, 1, 0, 1),
('2016-03-17', 'CE202', 323, '1519BECE30047', 1, 2, 1, 1, 0, 1),
('2016-03-17', 'CE202', 324, '1519BECE30047', 1, 2, 1, 1, 0, 2),
('2016-03-14', 'CE202', 325, '1519BECE30048', 1, 2, 1, 1, 1, 1),
('2016-03-17', 'CE202', 326, '1519BECE30048', 1, 2, 1, 1, 1, 1),
('2016-03-17', 'CE202', 327, '1519BECE30048', 1, 2, 1, 1, 1, 2),
('2016-03-14', 'CE202', 328, '1519BECE30049', 1, 2, 1, 1, 1, 1),
('2016-03-17', 'CE202', 329, '1519BECE30049', 1, 2, 1, 1, 1, 1),
('2016-03-17', 'CE202', 330, '1519BECE30049', 1, 2, 1, 1, 1, 2),
('2016-03-14', 'CE202', 331, '1519BECE30050', 1, 2, 1, 1, 0, 1),
('2016-03-17', 'CE202', 332, '1519BECE30050', 1, 2, 1, 1, 1, 1),
('2016-03-17', 'CE202', 333, '1519BECE30050', 1, 2, 1, 1, 1, 2),
('2016-03-14', 'CE202', 334, '1519BECE30051', 1, 2, 1, 1, 1, 1),
('2016-03-17', 'CE202', 335, '1519BECE30051', 1, 2, 1, 1, 1, 1),
('2016-03-17', 'CE202', 336, '1519BECE30051', 1, 2, 1, 1, 1, 2),
('2016-03-14', 'CE202', 337, '1519BECE30052', 1, 2, 1, 1, 1, 1),
('2016-03-17', 'CE202', 338, '1519BECE30052', 1, 2, 1, 1, 1, 1),
('2016-03-17', 'CE202', 339, '1519BECE30052', 1, 2, 1, 1, 1, 2),
('2016-03-14', 'CE202', 340, '1519BECE30053', 1, 2, 1, 1, 1, 1),
('2016-03-17', 'CE202', 341, '1519BECE30053', 1, 2, 1, 1, 1, 1),
('2016-03-17', 'CE202', 342, '1519BECE30053', 1, 2, 1, 1, 1, 2),
('2016-03-14', 'CE202', 343, '1519BECE30055', 1, 2, 1, 1, 1, 1),
('2016-03-17', 'CE202', 344, '1519BECE30055', 1, 2, 1, 1, 1, 1),
('2016-03-17', 'CE202', 345, '1519BECE30055', 1, 2, 1, 1, 1, 2),
('2016-03-14', 'CE202', 346, '1519BECE30056', 1, 2, 1, 1, 1, 1),
('2016-03-17', 'CE202', 347, '1519BECE30056', 1, 2, 1, 1, 1, 1),
('2016-03-17', 'CE202', 348, '1519BECE30056', 1, 2, 1, 1, 1, 2),
('2016-03-14', 'CE202', 349, '1519BECE30057', 1, 2, 1, 1, 1, 1),
('2016-03-17', 'CE202', 350, '1519BECE30057', 1, 2, 1, 1, 1, 1),
('2016-03-17', 'CE202', 351, '1519BECE30057', 1, 2, 1, 1, 1, 2),
('2016-03-14', 'CE202', 352, '1519BECE30058', 1, 2, 1, 1, 1, 1),
('2016-03-17', 'CE202', 353, '1519BECE30058', 1, 2, 1, 1, 1, 1),
('2016-03-17', 'CE202', 354, '1519BECE30058', 1, 2, 1, 1, 1, 2),
('2016-03-14', 'CE202', 355, '1519BECE30059', 1, 2, 1, 1, 1, 1),
('2016-03-17', 'CE202', 356, '1519BECE30059', 1, 2, 1, 1, 1, 1),
('2016-03-17', 'CE202', 357, '1519BECE30059', 1, 2, 1, 1, 1, 2),
('2016-03-14', 'CE202', 358, '1519BECE30060', 1, 2, 1, 1, 1, 1),
('2016-03-17', 'CE202', 359, '1519BECE30060', 1, 2, 1, 1, 1, 1),
('2016-03-17', 'CE202', 360, '1519BECE30060', 1, 2, 1, 1, 1, 2),
('2016-03-14', 'CE202', 361, '1519BECE30061', 1, 2, 1, 1, 1, 1),
('2016-03-17', 'CE202', 362, '1519BECE30061', 1, 2, 1, 1, 1, 1),
('2016-03-17', 'CE202', 363, '1519BECE30061', 1, 2, 1, 1, 1, 2),
('2016-03-14', 'CE202', 364, '1519BECE30062', 1, 2, 1, 1, 1, 1),
('2016-03-17', 'CE202', 365, '1519BECE30062', 1, 2, 1, 1, 1, 1),
('2016-03-17', 'CE202', 366, '1519BECE30062', 1, 2, 1, 1, 1, 2),
('2016-03-14', 'CE202', 367, '1519BECE30063', 1, 2, 1, 1, 1, 1),
('2016-03-17', 'CE202', 368, '1519BECE30063', 1, 2, 1, 1, 1, 1),
('2016-03-17', 'CE202', 369, '1519BECE30063', 1, 2, 1, 1, 1, 2),
('2016-03-14', 'CE202', 370, '1418BECE30022', 1, 2, 1, 1, 0, 1),
('2016-03-17', 'CE202', 371, '1418BECE30022', 1, 2, 1, 1, 0, 1),
('2016-03-17', 'CE202', 372, '1418BECE30022', 1, 2, 1, 1, 0, 2),
('2016-03-14', 'CE203', 373, '1519BECE30001', 1, 2, 1, 1, 1, 1),
('2016-03-17', 'CE203', 374, '1519BECE30001', 1, 2, 1, 1, 1, 1),
('2016-03-17', 'CE203', 375, '1519BECE30001', 1, 2, 1, 1, 1, 2),
('2016-03-14', 'CE203', 376, '1519BECE30002', 1, 2, 1, 1, 0, 1),
('2016-03-17', 'CE203', 377, '1519BECE30002', 1, 2, 1, 1, 1, 1),
('2016-03-17', 'CE203', 378, '1519BECE30002', 1, 2, 1, 1, 1, 2),
('2016-03-14', 'CE203', 379, '1519BECE30003', 1, 2, 1, 1, 1, 1),
('2016-03-17', 'CE203', 380, '1519BECE30003', 1, 2, 1, 1, 1, 1),
('2016-03-17', 'CE203', 381, '1519BECE30003', 1, 2, 1, 1, 1, 2),
('2016-03-14', 'CE203', 382, '1519BECE30004', 1, 2, 1, 1, 1, 1),
('2016-03-17', 'CE203', 383, '1519BECE30004', 1, 2, 1, 1, 1, 1),
('2016-03-17', 'CE203', 384, '1519BECE30004', 1, 2, 1, 1, 1, 2),
('2016-03-14', 'CE203', 385, '1519BECE30005', 1, 2, 1, 1, 1, 1),
('2016-03-17', 'CE203', 386, '1519BECE30005', 1, 2, 1, 1, 1, 1),
('2016-03-17', 'CE203', 387, '1519BECE30005', 1, 2, 1, 1, 1, 2),
('2016-03-14', 'CE203', 388, '1519BECE30006', 1, 2, 1, 1, 0, 1),
('2016-03-17', 'CE203', 389, '1519BECE30006', 1, 2, 1, 1, 1, 1),
('2016-03-17', 'CE203', 390, '1519BECE30006', 1, 2, 1, 1, 1, 2),
('2016-03-14', 'CE203', 391, '1519BECE30007', 1, 2, 1, 1, 0, 1),
('2016-03-17', 'CE203', 392, '1519BECE30007', 1, 2, 1, 1, 0, 1),
('2016-03-17', 'CE203', 393, '1519BECE30007', 1, 2, 1, 1, 0, 2),
('2016-03-14', 'CE203', 394, '1519BECE30008', 1, 2, 1, 1, 1, 1),
('2016-03-17', 'CE203', 395, '1519BECE30008', 1, 2, 1, 1, 1, 1),
('2016-03-17', 'CE203', 396, '1519BECE30008', 1, 2, 1, 1, 1, 2),
('2016-03-14', 'CE203', 397, '1519BECE30009', 1, 2, 1, 1, 1, 1),
('2016-03-17', 'CE203', 398, '1519BECE30009', 1, 2, 1, 1, 1, 1),
('2016-03-17', 'CE203', 399, '1519BECE30009', 1, 2, 1, 1, 1, 2),
('2016-03-14', 'CE203', 400, '1519BECE30010', 1, 2, 1, 1, 0, 1),
('2016-03-17', 'CE203', 401, '1519BECE30010', 1, 2, 1, 1, 1, 1),
('2016-03-17', 'CE203', 402, '1519BECE30010', 1, 2, 1, 1, 1, 2),
('2016-03-14', 'CE203', 403, '1519BECE30011', 1, 2, 1, 1, 1, 1),
('2016-03-17', 'CE203', 404, '1519BECE30011', 1, 2, 1, 1, 1, 1),
('2016-03-17', 'CE203', 405, '1519BECE30011', 1, 2, 1, 1, 1, 2),
('2016-03-14', 'CE203', 406, '1519BECE30012', 1, 2, 1, 1, 0, 1),
('2016-03-17', 'CE203', 407, '1519BECE30012', 1, 2, 1, 1, 0, 1),
('2016-03-17', 'CE203', 408, '1519BECE30012', 1, 2, 1, 1, 0, 2),
('2016-03-14', 'CE203', 409, '1519BECE30013', 1, 2, 1, 1, 1, 1),
('2016-03-17', 'CE203', 410, '1519BECE30013', 1, 2, 1, 1, 1, 1),
('2016-03-17', 'CE203', 411, '1519BECE30013', 1, 2, 1, 1, 1, 2),
('2016-03-14', 'CE203', 412, '1519BECE30014', 1, 2, 1, 1, 1, 1),
('2016-03-17', 'CE203', 413, '1519BECE30014', 1, 2, 1, 1, 1, 1),
('2016-03-17', 'CE203', 414, '1519BECE30014', 1, 2, 1, 1, 1, 2),
('2016-03-14', 'CE203', 415, '1519BECE30015', 1, 2, 1, 1, 1, 1),
('2016-03-17', 'CE203', 416, '1519BECE30015', 1, 2, 1, 1, 1, 1),
('2016-03-17', 'CE203', 417, '1519BECE30015', 1, 2, 1, 1, 1, 2),
('2016-03-14', 'CE203', 418, '1519BECE30016', 1, 2, 1, 1, 1, 1),
('2016-03-17', 'CE203', 419, '1519BECE30016', 1, 2, 1, 1, 1, 1),
('2016-03-17', 'CE203', 420, '1519BECE30016', 1, 2, 1, 1, 1, 2),
('2016-03-14', 'CE203', 421, '1519BECE30017', 1, 2, 1, 1, 0, 1),
('2016-03-17', 'CE203', 422, '1519BECE30017', 1, 2, 1, 1, 0, 1),
('2016-03-17', 'CE203', 423, '1519BECE30017', 1, 2, 1, 1, 0, 2),
('2016-03-14', 'CE203', 424, '1519BECE30018', 1, 2, 1, 1, 1, 1),
('2016-03-17', 'CE203', 425, '1519BECE30018', 1, 2, 1, 1, 1, 1),
('2016-03-17', 'CE203', 426, '1519BECE30018', 1, 2, 1, 1, 1, 2),
('2016-03-14', 'CE203', 427, '1519BECE30019', 1, 2, 1, 1, 0, 1),
('2016-03-17', 'CE203', 428, '1519BECE30019', 1, 2, 1, 1, 0, 1),
('2016-03-17', 'CE203', 429, '1519BECE30019', 1, 2, 1, 1, 0, 2),
('2016-03-14', 'CE203', 430, '1519BECE30020', 1, 2, 1, 1, 0, 1),
('2016-03-17', 'CE203', 431, '1519BECE30020', 1, 2, 1, 1, 1, 1),
('2016-03-17', 'CE203', 432, '1519BECE30020', 1, 2, 1, 1, 1, 2),
('2016-03-14', 'CE203', 433, '1519BECE30022', 1, 2, 1, 1, 0, 1),
('2016-03-17', 'CE203', 434, '1519BECE30022', 1, 2, 1, 1, 0, 1),
('2016-03-17', 'CE203', 435, '1519BECE30022', 1, 2, 1, 1, 0, 2),
('2016-03-14', 'CE203', 436, '1519BECE30023', 1, 2, 1, 1, 1, 1),
('2016-03-17', 'CE203', 437, '1519BECE30023', 1, 2, 1, 1, 1, 1),
('2016-03-17', 'CE203', 438, '1519BECE30023', 1, 2, 1, 1, 1, 2),
('2016-03-14', 'CE203', 439, '1519BECE30024', 1, 2, 1, 1, 1, 1),
('2016-03-17', 'CE203', 440, '1519BECE30024', 1, 2, 1, 1, 1, 1),
('2016-03-17', 'CE203', 441, '1519BECE30024', 1, 2, 1, 1, 1, 2),
('2016-03-14', 'CE203', 442, '1519BECE30025', 1, 2, 1, 1, 0, 1),
('2016-03-17', 'CE203', 443, '1519BECE30025', 1, 2, 1, 1, 0, 1),
('2016-03-17', 'CE203', 444, '1519BECE30025', 1, 2, 1, 1, 0, 2),
('2016-03-14', 'CE203', 445, '1519BECE30026', 1, 2, 1, 1, 0, 1),
('2016-03-17', 'CE203', 446, '1519BECE30026', 1, 2, 1, 1, 0, 1),
('2016-03-17', 'CE203', 447, '1519BECE30026', 1, 2, 1, 1, 0, 2),
('2016-03-14', 'CE203', 448, '1519BECE30027', 1, 2, 1, 1, 1, 1),
('2016-03-17', 'CE203', 449, '1519BECE30027', 1, 2, 1, 1, 1, 1),
('2016-03-17', 'CE203', 450, '1519BECE30027', 1, 2, 1, 1, 1, 2),
('2016-03-14', 'CE203', 451, '1519BECE30028', 1, 2, 1, 1, 1, 1),
('2016-03-17', 'CE203', 452, '1519BECE30028', 1, 2, 1, 1, 1, 1),
('2016-03-17', 'CE203', 453, '1519BECE30028', 1, 2, 1, 1, 1, 2),
('2016-03-14', 'CE203', 454, '1519BECE30029', 1, 2, 1, 1, 1, 1),
('2016-03-17', 'CE203', 455, '1519BECE30029', 1, 2, 1, 1, 1, 1),
('2016-03-17', 'CE203', 456, '1519BECE30029', 1, 2, 1, 1, 1, 2),
('2016-03-14', 'CE203', 457, '1519BECE30030', 1, 2, 1, 1, 1, 1),
('2016-03-17', 'CE203', 458, '1519BECE30030', 1, 2, 1, 1, 1, 1),
('2016-03-17', 'CE203', 459, '1519BECE30030', 1, 2, 1, 1, 1, 2),
('2016-03-14', 'CE203', 460, '1519BECE30031', 1, 2, 1, 1, 0, 1),
('2016-03-17', 'CE203', 461, '1519BECE30031', 1, 2, 1, 1, 0, 1),
('2016-03-17', 'CE203', 462, '1519BECE30031', 1, 2, 1, 1, 0, 2),
('2016-03-14', 'CE203', 463, '1519BECE30032', 1, 2, 1, 1, 1, 1),
('2016-03-17', 'CE203', 464, '1519BECE30032', 1, 2, 1, 1, 1, 1),
('2016-03-17', 'CE203', 465, '1519BECE30032', 1, 2, 1, 1, 1, 2),
('2016-03-14', 'CE203', 466, '1519BECE30033', 1, 2, 1, 1, 0, 1),
('2016-03-17', 'CE203', 467, '1519BECE30033', 1, 2, 1, 1, 1, 1),
('2016-03-17', 'CE203', 468, '1519BECE30033', 1, 2, 1, 1, 1, 2),
('2016-03-14', 'CE203', 469, '1519BECE30034', 1, 2, 1, 1, 1, 1),
('2016-03-17', 'CE203', 470, '1519BECE30034', 1, 2, 1, 1, 1, 1),
('2016-03-17', 'CE203', 471, '1519BECE30034', 1, 2, 1, 1, 1, 2),
('2016-03-14', 'CE203', 472, '1519BECE30035', 1, 2, 1, 1, 1, 1),
('2016-03-17', 'CE203', 473, '1519BECE30035', 1, 2, 1, 1, 1, 1),
('2016-03-17', 'CE203', 474, '1519BECE30035', 1, 2, 1, 1, 1, 2),
('2016-03-14', 'CE203', 475, '1519BECE30036', 1, 2, 1, 1, 1, 1),
('2016-03-17', 'CE203', 476, '1519BECE30036', 1, 2, 1, 1, 1, 1),
('2016-03-17', 'CE203', 477, '1519BECE30036', 1, 2, 1, 1, 1, 2),
('2016-03-14', 'CE203', 478, '1519BECE30037', 1, 2, 1, 1, 0, 1),
('2016-03-17', 'CE203', 479, '1519BECE30037', 1, 2, 1, 1, 0, 1),
('2016-03-17', 'CE203', 480, '1519BECE30037', 1, 2, 1, 1, 0, 2),
('2016-03-14', 'CE203', 481, '1519BECE30038', 1, 2, 1, 1, 1, 1),
('2016-03-17', 'CE203', 482, '1519BECE30038', 1, 2, 1, 1, 1, 1),
('2016-03-17', 'CE203', 483, '1519BECE30038', 1, 2, 1, 1, 1, 2),
('2016-03-14', 'CE203', 484, '1519BECE30039', 1, 2, 1, 1, 1, 1),
('2016-03-17', 'CE203', 485, '1519BECE30039', 1, 2, 1, 1, 1, 1),
('2016-03-17', 'CE203', 486, '1519BECE30039', 1, 2, 1, 1, 1, 2),
('2016-03-14', 'CE203', 487, '1519BECE30040', 1, 2, 1, 1, 0, 1),
('2016-03-17', 'CE203', 488, '1519BECE30040', 1, 2, 1, 1, 0, 1),
('2016-03-17', 'CE203', 489, '1519BECE30040', 1, 2, 1, 1, 0, 2),
('2016-03-14', 'CE203', 490, '1519BECE30041', 1, 2, 1, 1, 1, 1),
('2016-03-17', 'CE203', 491, '1519BECE30041', 1, 2, 1, 1, 1, 1),
('2016-03-17', 'CE203', 492, '1519BECE30041', 1, 2, 1, 1, 1, 2),
('2016-03-14', 'CE203', 493, '1519BECE30042', 1, 2, 1, 1, 0, 1),
('2016-03-17', 'CE203', 494, '1519BECE30042', 1, 2, 1, 1, 0, 1),
('2016-03-17', 'CE203', 495, '1519BECE30042', 1, 2, 1, 1, 0, 2),
('2016-03-14', 'CE203', 496, '1519BECE30043', 1, 2, 1, 1, 1, 1),
('2016-03-17', 'CE203', 497, '1519BECE30043', 1, 2, 1, 1, 1, 1),
('2016-03-17', 'CE203', 498, '1519BECE30043', 1, 2, 1, 1, 1, 2),
('2016-03-14', 'CE203', 499, '1519BECE30044', 1, 2, 1, 1, 1, 1),
('2016-03-17', 'CE203', 500, '1519BECE30044', 1, 2, 1, 1, 1, 1),
('2016-03-17', 'CE203', 501, '1519BECE30044', 1, 2, 1, 1, 1, 2),
('2016-03-14', 'CE203', 502, '1519BECE30045', 1, 2, 1, 1, 0, 1),
('2016-03-17', 'CE203', 503, '1519BECE30045', 1, 2, 1, 1, 0, 1),
('2016-03-17', 'CE203', 504, '1519BECE30045', 1, 2, 1, 1, 0, 2),
('2016-03-14', 'CE203', 505, '1519BECE30046', 1, 2, 1, 1, 0, 1),
('2016-03-17', 'CE203', 506, '1519BECE30046', 1, 2, 1, 1, 0, 1),
('2016-03-17', 'CE203', 507, '1519BECE30046', 1, 2, 1, 1, 0, 2),
('2016-03-14', 'CE203', 508, '1519BECE30047', 1, 2, 1, 1, 0, 1),
('2016-03-17', 'CE203', 509, '1519BECE30047', 1, 2, 1, 1, 0, 1),
('2016-03-17', 'CE203', 510, '1519BECE30047', 1, 2, 1, 1, 0, 2),
('2016-03-14', 'CE203', 511, '1519BECE30048', 1, 2, 1, 1, 1, 1),
('2016-03-17', 'CE203', 512, '1519BECE30048', 1, 2, 1, 1, 1, 1),
('2016-03-17', 'CE203', 513, '1519BECE30048', 1, 2, 1, 1, 1, 2),
('2016-03-14', 'CE203', 514, '1519BECE30049', 1, 2, 1, 1, 1, 1),
('2016-03-17', 'CE203', 515, '1519BECE30049', 1, 2, 1, 1, 1, 1),
('2016-03-17', 'CE203', 516, '1519BECE30049', 1, 2, 1, 1, 1, 2),
('2016-03-14', 'CE203', 517, '1519BECE30050', 1, 2, 1, 1, 0, 1),
('2016-03-17', 'CE203', 518, '1519BECE30050', 1, 2, 1, 1, 1, 1),
('2016-03-17', 'CE203', 519, '1519BECE30050', 1, 2, 1, 1, 1, 2),
('2016-03-14', 'CE203', 520, '1519BECE30051', 1, 2, 1, 1, 1, 1),
('2016-03-17', 'CE203', 521, '1519BECE30051', 1, 2, 1, 1, 1, 1),
('2016-03-17', 'CE203', 522, '1519BECE30051', 1, 2, 1, 1, 1, 2),
('2016-03-14', 'CE203', 523, '1519BECE30052', 1, 2, 1, 1, 1, 1),
('2016-03-17', 'CE203', 524, '1519BECE30052', 1, 2, 1, 1, 1, 1),
('2016-03-17', 'CE203', 525, '1519BECE30052', 1, 2, 1, 1, 1, 2),
('2016-03-14', 'CE203', 526, '1519BECE30053', 1, 2, 1, 1, 1, 1),
('2016-03-17', 'CE203', 527, '1519BECE30053', 1, 2, 1, 1, 1, 1),
('2016-03-17', 'CE203', 528, '1519BECE30053', 1, 2, 1, 1, 1, 2),
('2016-03-14', 'CE203', 529, '1519BECE30055', 1, 2, 1, 1, 1, 1),
('2016-03-17', 'CE203', 530, '1519BECE30055', 1, 2, 1, 1, 1, 1),
('2016-03-17', 'CE203', 531, '1519BECE30055', 1, 2, 1, 1, 1, 2),
('2016-03-14', 'CE203', 532, '1519BECE30056', 1, 2, 1, 1, 1, 1),
('2016-03-17', 'CE203', 533, '1519BECE30056', 1, 2, 1, 1, 1, 1),
('2016-03-17', 'CE203', 534, '1519BECE30056', 1, 2, 1, 1, 1, 2),
('2016-03-14', 'CE203', 535, '1519BECE30057', 1, 2, 1, 1, 1, 1),
('2016-03-17', 'CE203', 536, '1519BECE30057', 1, 2, 1, 1, 1, 1),
('2016-03-17', 'CE203', 537, '1519BECE30057', 1, 2, 1, 1, 1, 2),
('2016-03-14', 'CE203', 538, '1519BECE30058', 1, 2, 1, 1, 1, 1),
('2016-03-17', 'CE203', 539, '1519BECE30058', 1, 2, 1, 1, 1, 1),
('2016-03-17', 'CE203', 540, '1519BECE30058', 1, 2, 1, 1, 1, 2),
('2016-03-14', 'CE203', 541, '1519BECE30059', 1, 2, 1, 1, 1, 1),
('2016-03-17', 'CE203', 542, '1519BECE30059', 1, 2, 1, 1, 1, 1),
('2016-03-17', 'CE203', 543, '1519BECE30059', 1, 2, 1, 1, 1, 2),
('2016-03-14', 'CE203', 544, '1519BECE30060', 1, 2, 1, 1, 1, 1),
('2016-03-17', 'CE203', 545, '1519BECE30060', 1, 2, 1, 1, 1, 1),
('2016-03-17', 'CE203', 546, '1519BECE30060', 1, 2, 1, 1, 1, 2),
('2016-03-14', 'CE203', 547, '1519BECE30061', 1, 2, 1, 1, 1, 1),
('2016-03-17', 'CE203', 548, '1519BECE30061', 1, 2, 1, 1, 1, 1),
('2016-03-17', 'CE203', 549, '1519BECE30061', 1, 2, 1, 1, 1, 2),
('2016-03-14', 'CE203', 550, '1519BECE30062', 1, 2, 1, 1, 1, 1),
('2016-03-17', 'CE203', 551, '1519BECE30062', 1, 2, 1, 1, 1, 1),
('2016-03-17', 'CE203', 552, '1519BECE30062', 1, 2, 1, 1, 1, 2),
('2016-03-14', 'CE203', 553, '1519BECE30063', 1, 2, 1, 1, 1, 1),
('2016-03-17', 'CE203', 554, '1519BECE30063', 1, 2, 1, 1, 1, 1),
('2016-03-17', 'CE203', 555, '1519BECE30063', 1, 2, 1, 1, 1, 2),
('2016-03-14', 'CE203', 556, '1418BECE30022', 1, 2, 1, 1, 0, 1),
('2016-03-17', 'CE203', 557, '1418BECE30022', 1, 2, 1, 1, 0, 1),
('2016-03-17', 'CE203', 558, '1418BECE30022', 1, 2, 1, 1, 0, 2),
('2016-03-14', 'CE204', 559, '1519BECE30001', 1, 2, 1, 1, 1, 1),
('2016-03-17', 'CE204', 560, '1519BECE30001', 1, 2, 1, 1, 1, 1),
('2016-03-17', 'CE204', 561, '1519BECE30001', 1, 2, 1, 1, 1, 2),
('2016-03-14', 'CE204', 562, '1519BECE30002', 1, 2, 1, 1, 0, 1),
('2016-03-17', 'CE204', 563, '1519BECE30002', 1, 2, 1, 1, 1, 1),
('2016-03-17', 'CE204', 564, '1519BECE30002', 1, 2, 1, 1, 1, 2),
('2016-03-14', 'CE204', 565, '1519BECE30003', 1, 2, 1, 1, 1, 1),
('2016-03-17', 'CE204', 566, '1519BECE30003', 1, 2, 1, 1, 1, 1),
('2016-03-17', 'CE204', 567, '1519BECE30003', 1, 2, 1, 1, 1, 2),
('2016-03-14', 'CE204', 568, '1519BECE30004', 1, 2, 1, 1, 1, 1),
('2016-03-17', 'CE204', 569, '1519BECE30004', 1, 2, 1, 1, 1, 1),
('2016-03-17', 'CE204', 570, '1519BECE30004', 1, 2, 1, 1, 1, 2),
('2016-03-14', 'CE204', 571, '1519BECE30005', 1, 2, 1, 1, 1, 1),
('2016-03-17', 'CE204', 572, '1519BECE30005', 1, 2, 1, 1, 1, 1),
('2016-03-17', 'CE204', 573, '1519BECE30005', 1, 2, 1, 1, 1, 2),
('2016-03-14', 'CE204', 574, '1519BECE30006', 1, 2, 1, 1, 0, 1),
('2016-03-17', 'CE204', 575, '1519BECE30006', 1, 2, 1, 1, 1, 1),
('2016-03-17', 'CE204', 576, '1519BECE30006', 1, 2, 1, 1, 1, 2),
('2016-03-14', 'CE204', 577, '1519BECE30007', 1, 2, 1, 1, 0, 1),
('2016-03-17', 'CE204', 578, '1519BECE30007', 1, 2, 1, 1, 0, 1),
('2016-03-17', 'CE204', 579, '1519BECE30007', 1, 2, 1, 1, 0, 2),
('2016-03-14', 'CE204', 580, '1519BECE30008', 1, 2, 1, 1, 1, 1),
('2016-03-17', 'CE204', 581, '1519BECE30008', 1, 2, 1, 1, 1, 1),
('2016-03-17', 'CE204', 582, '1519BECE30008', 1, 2, 1, 1, 1, 2),
('2016-03-14', 'CE204', 583, '1519BECE30009', 1, 2, 1, 1, 1, 1),
('2016-03-17', 'CE204', 584, '1519BECE30009', 1, 2, 1, 1, 1, 1),
('2016-03-17', 'CE204', 585, '1519BECE30009', 1, 2, 1, 1, 1, 2),
('2016-03-14', 'CE204', 586, '1519BECE30010', 1, 2, 1, 1, 0, 1),
('2016-03-17', 'CE204', 587, '1519BECE30010', 1, 2, 1, 1, 1, 1),
('2016-03-17', 'CE204', 588, '1519BECE30010', 1, 2, 1, 1, 1, 2),
('2016-03-14', 'CE204', 589, '1519BECE30011', 1, 2, 1, 1, 1, 1),
('2016-03-17', 'CE204', 590, '1519BECE30011', 1, 2, 1, 1, 1, 1),
('2016-03-17', 'CE204', 591, '1519BECE30011', 1, 2, 1, 1, 1, 2),
('2016-03-14', 'CE204', 592, '1519BECE30012', 1, 2, 1, 1, 0, 1),
('2016-03-17', 'CE204', 593, '1519BECE30012', 1, 2, 1, 1, 0, 1),
('2016-03-17', 'CE204', 594, '1519BECE30012', 1, 2, 1, 1, 0, 2),
('2016-03-14', 'CE204', 595, '1519BECE30013', 1, 2, 1, 1, 1, 1),
('2016-03-17', 'CE204', 596, '1519BECE30013', 1, 2, 1, 1, 1, 1),
('2016-03-17', 'CE204', 597, '1519BECE30013', 1, 2, 1, 1, 1, 2),
('2016-03-14', 'CE204', 598, '1519BECE30014', 1, 2, 1, 1, 1, 1),
('2016-03-17', 'CE204', 599, '1519BECE30014', 1, 2, 1, 1, 1, 1),
('2016-03-17', 'CE204', 600, '1519BECE30014', 1, 2, 1, 1, 1, 2),
('2016-03-14', 'CE204', 601, '1519BECE30015', 1, 2, 1, 1, 1, 1),
('2016-03-17', 'CE204', 602, '1519BECE30015', 1, 2, 1, 1, 1, 1),
('2016-03-17', 'CE204', 603, '1519BECE30015', 1, 2, 1, 1, 1, 2),
('2016-03-14', 'CE204', 604, '1519BECE30016', 1, 2, 1, 1, 1, 1),
('2016-03-17', 'CE204', 605, '1519BECE30016', 1, 2, 1, 1, 1, 1),
('2016-03-17', 'CE204', 606, '1519BECE30016', 1, 2, 1, 1, 1, 2),
('2016-03-14', 'CE204', 607, '1519BECE30017', 1, 2, 1, 1, 0, 1),
('2016-03-17', 'CE204', 608, '1519BECE30017', 1, 2, 1, 1, 0, 1),
('2016-03-17', 'CE204', 609, '1519BECE30017', 1, 2, 1, 1, 0, 2),
('2016-03-14', 'CE204', 610, '1519BECE30018', 1, 2, 1, 1, 1, 1),
('2016-03-17', 'CE204', 611, '1519BECE30018', 1, 2, 1, 1, 1, 1),
('2016-03-17', 'CE204', 612, '1519BECE30018', 1, 2, 1, 1, 1, 2),
('2016-03-14', 'CE204', 613, '1519BECE30019', 1, 2, 1, 1, 0, 1),
('2016-03-17', 'CE204', 614, '1519BECE30019', 1, 2, 1, 1, 0, 1),
('2016-03-17', 'CE204', 615, '1519BECE30019', 1, 2, 1, 1, 0, 2),
('2016-03-14', 'CE204', 616, '1519BECE30020', 1, 2, 1, 1, 0, 1),
('2016-03-17', 'CE204', 617, '1519BECE30020', 1, 2, 1, 1, 1, 1),
('2016-03-17', 'CE204', 618, '1519BECE30020', 1, 2, 1, 1, 1, 2),
('2016-03-14', 'CE204', 619, '1519BECE30022', 1, 2, 1, 1, 0, 1),
('2016-03-17', 'CE204', 620, '1519BECE30022', 1, 2, 1, 1, 0, 1),
('2016-03-17', 'CE204', 621, '1519BECE30022', 1, 2, 1, 1, 0, 2),
('2016-03-14', 'CE204', 622, '1519BECE30023', 1, 2, 1, 1, 1, 1),
('2016-03-17', 'CE204', 623, '1519BECE30023', 1, 2, 1, 1, 1, 1),
('2016-03-17', 'CE204', 624, '1519BECE30023', 1, 2, 1, 1, 1, 2),
('2016-03-14', 'CE204', 625, '1519BECE30024', 1, 2, 1, 1, 1, 1),
('2016-03-17', 'CE204', 626, '1519BECE30024', 1, 2, 1, 1, 1, 1),
('2016-03-17', 'CE204', 627, '1519BECE30024', 1, 2, 1, 1, 1, 2),
('2016-03-14', 'CE204', 628, '1519BECE30025', 1, 2, 1, 1, 0, 1),
('2016-03-17', 'CE204', 629, '1519BECE30025', 1, 2, 1, 1, 0, 1),
('2016-03-17', 'CE204', 630, '1519BECE30025', 1, 2, 1, 1, 0, 2),
('2016-03-14', 'CE204', 631, '1519BECE30026', 1, 2, 1, 1, 0, 1),
('2016-03-17', 'CE204', 632, '1519BECE30026', 1, 2, 1, 1, 0, 1),
('2016-03-17', 'CE204', 633, '1519BECE30026', 1, 2, 1, 1, 0, 2),
('2016-03-14', 'CE204', 634, '1519BECE30027', 1, 2, 1, 1, 1, 1),
('2016-03-17', 'CE204', 635, '1519BECE30027', 1, 2, 1, 1, 1, 1),
('2016-03-17', 'CE204', 636, '1519BECE30027', 1, 2, 1, 1, 1, 2),
('2016-03-14', 'CE204', 637, '1519BECE30028', 1, 2, 1, 1, 1, 1),
('2016-03-17', 'CE204', 638, '1519BECE30028', 1, 2, 1, 1, 1, 1),
('2016-03-17', 'CE204', 639, '1519BECE30028', 1, 2, 1, 1, 1, 2),
('2016-03-14', 'CE204', 640, '1519BECE30029', 1, 2, 1, 1, 1, 1),
('2016-03-17', 'CE204', 641, '1519BECE30029', 1, 2, 1, 1, 1, 1),
('2016-03-17', 'CE204', 642, '1519BECE30029', 1, 2, 1, 1, 1, 2),
('2016-03-14', 'CE204', 643, '1519BECE30030', 1, 2, 1, 1, 1, 1),
('2016-03-17', 'CE204', 644, '1519BECE30030', 1, 2, 1, 1, 1, 1),
('2016-03-17', 'CE204', 645, '1519BECE30030', 1, 2, 1, 1, 1, 2),
('2016-03-14', 'CE204', 646, '1519BECE30031', 1, 2, 1, 1, 0, 1),
('2016-03-17', 'CE204', 647, '1519BECE30031', 1, 2, 1, 1, 0, 1),
('2016-03-17', 'CE204', 648, '1519BECE30031', 1, 2, 1, 1, 0, 2),
('2016-03-14', 'CE204', 649, '1519BECE30032', 1, 2, 1, 1, 1, 1),
('2016-03-17', 'CE204', 650, '1519BECE30032', 1, 2, 1, 1, 1, 1),
('2016-03-17', 'CE204', 651, '1519BECE30032', 1, 2, 1, 1, 1, 2),
('2016-03-14', 'CE204', 652, '1519BECE30033', 1, 2, 1, 1, 0, 1),
('2016-03-17', 'CE204', 653, '1519BECE30033', 1, 2, 1, 1, 1, 1),
('2016-03-17', 'CE204', 654, '1519BECE30033', 1, 2, 1, 1, 1, 2),
('2016-03-14', 'CE204', 655, '1519BECE30034', 1, 2, 1, 1, 1, 1),
('2016-03-17', 'CE204', 656, '1519BECE30034', 1, 2, 1, 1, 1, 1),
('2016-03-17', 'CE204', 657, '1519BECE30034', 1, 2, 1, 1, 1, 2),
('2016-03-14', 'CE204', 658, '1519BECE30035', 1, 2, 1, 1, 1, 1),
('2016-03-17', 'CE204', 659, '1519BECE30035', 1, 2, 1, 1, 1, 1),
('2016-03-17', 'CE204', 660, '1519BECE30035', 1, 2, 1, 1, 1, 2),
('2016-03-14', 'CE204', 661, '1519BECE30036', 1, 2, 1, 1, 1, 1),
('2016-03-17', 'CE204', 662, '1519BECE30036', 1, 2, 1, 1, 1, 1),
('2016-03-17', 'CE204', 663, '1519BECE30036', 1, 2, 1, 1, 1, 2),
('2016-03-14', 'CE204', 664, '1519BECE30037', 1, 2, 1, 1, 0, 1),
('2016-03-17', 'CE204', 665, '1519BECE30037', 1, 2, 1, 1, 0, 1),
('2016-03-17', 'CE204', 666, '1519BECE30037', 1, 2, 1, 1, 0, 2),
('2016-03-14', 'CE204', 667, '1519BECE30038', 1, 2, 1, 1, 1, 1),
('2016-03-17', 'CE204', 668, '1519BECE30038', 1, 2, 1, 1, 1, 1),
('2016-03-17', 'CE204', 669, '1519BECE30038', 1, 2, 1, 1, 1, 2),
('2016-03-14', 'CE204', 670, '1519BECE30039', 1, 2, 1, 1, 1, 1),
('2016-03-17', 'CE204', 671, '1519BECE30039', 1, 2, 1, 1, 1, 1),
('2016-03-17', 'CE204', 672, '1519BECE30039', 1, 2, 1, 1, 1, 2),
('2016-03-14', 'CE204', 673, '1519BECE30040', 1, 2, 1, 1, 0, 1),
('2016-03-17', 'CE204', 674, '1519BECE30040', 1, 2, 1, 1, 0, 1),
('2016-03-17', 'CE204', 675, '1519BECE30040', 1, 2, 1, 1, 0, 2),
('2016-03-14', 'CE204', 676, '1519BECE30041', 1, 2, 1, 1, 1, 1),
('2016-03-17', 'CE204', 677, '1519BECE30041', 1, 2, 1, 1, 1, 1),
('2016-03-17', 'CE204', 678, '1519BECE30041', 1, 2, 1, 1, 1, 2),
('2016-03-14', 'CE204', 679, '1519BECE30042', 1, 2, 1, 1, 0, 1),
('2016-03-17', 'CE204', 680, '1519BECE30042', 1, 2, 1, 1, 0, 1),
('2016-03-17', 'CE204', 681, '1519BECE30042', 1, 2, 1, 1, 0, 2),
('2016-03-14', 'CE204', 682, '1519BECE30043', 1, 2, 1, 1, 1, 1),
('2016-03-17', 'CE204', 683, '1519BECE30043', 1, 2, 1, 1, 1, 1),
('2016-03-17', 'CE204', 684, '1519BECE30043', 1, 2, 1, 1, 1, 2),
('2016-03-14', 'CE204', 685, '1519BECE30044', 1, 2, 1, 1, 1, 1),
('2016-03-17', 'CE204', 686, '1519BECE30044', 1, 2, 1, 1, 1, 1),
('2016-03-17', 'CE204', 687, '1519BECE30044', 1, 2, 1, 1, 1, 2),
('2016-03-14', 'CE204', 688, '1519BECE30045', 1, 2, 1, 1, 0, 1),
('2016-03-17', 'CE204', 689, '1519BECE30045', 1, 2, 1, 1, 0, 1),
('2016-03-17', 'CE204', 690, '1519BECE30045', 1, 2, 1, 1, 0, 2),
('2016-03-14', 'CE204', 691, '1519BECE30046', 1, 2, 1, 1, 0, 1),
('2016-03-17', 'CE204', 692, '1519BECE30046', 1, 2, 1, 1, 0, 1),
('2016-03-17', 'CE204', 693, '1519BECE30046', 1, 2, 1, 1, 0, 2),
('2016-03-14', 'CE204', 694, '1519BECE30047', 1, 2, 1, 1, 0, 1),
('2016-03-17', 'CE204', 695, '1519BECE30047', 1, 2, 1, 1, 0, 1),
('2016-03-17', 'CE204', 696, '1519BECE30047', 1, 2, 1, 1, 0, 2),
('2016-03-14', 'CE204', 697, '1519BECE30048', 1, 2, 1, 1, 1, 1),
('2016-03-17', 'CE204', 698, '1519BECE30048', 1, 2, 1, 1, 1, 1),
('2016-03-17', 'CE204', 699, '1519BECE30048', 1, 2, 1, 1, 1, 2),
('2016-03-14', 'CE204', 700, '1519BECE30049', 1, 2, 1, 1, 1, 1),
('2016-03-17', 'CE204', 701, '1519BECE30049', 1, 2, 1, 1, 1, 1),
('2016-03-17', 'CE204', 702, '1519BECE30049', 1, 2, 1, 1, 1, 2),
('2016-03-14', 'CE204', 703, '1519BECE30050', 1, 2, 1, 1, 0, 1),
('2016-03-17', 'CE204', 704, '1519BECE30050', 1, 2, 1, 1, 1, 1),
('2016-03-17', 'CE204', 705, '1519BECE30050', 1, 2, 1, 1, 1, 2),
('2016-03-14', 'CE204', 706, '1519BECE30051', 1, 2, 1, 1, 1, 1),
('2016-03-17', 'CE204', 707, '1519BECE30051', 1, 2, 1, 1, 1, 1),
('2016-03-17', 'CE204', 708, '1519BECE30051', 1, 2, 1, 1, 1, 2),
('2016-03-14', 'CE204', 709, '1519BECE30052', 1, 2, 1, 1, 1, 1),
('2016-03-17', 'CE204', 710, '1519BECE30052', 1, 2, 1, 1, 1, 1),
('2016-03-17', 'CE204', 711, '1519BECE30052', 1, 2, 1, 1, 1, 2),
('2016-03-14', 'CE204', 712, '1519BECE30053', 1, 2, 1, 1, 1, 1),
('2016-03-17', 'CE204', 713, '1519BECE30053', 1, 2, 1, 1, 1, 1),
('2016-03-17', 'CE204', 714, '1519BECE30053', 1, 2, 1, 1, 1, 2),
('2016-03-14', 'CE204', 715, '1519BECE30055', 1, 2, 1, 1, 1, 1),
('2016-03-17', 'CE204', 716, '1519BECE30055', 1, 2, 1, 1, 1, 1),
('2016-03-17', 'CE204', 717, '1519BECE30055', 1, 2, 1, 1, 1, 2),
('2016-03-14', 'CE204', 718, '1519BECE30056', 1, 2, 1, 1, 1, 1),
('2016-03-17', 'CE204', 719, '1519BECE30056', 1, 2, 1, 1, 1, 1),
('2016-03-17', 'CE204', 720, '1519BECE30056', 1, 2, 1, 1, 1, 2),
('2016-03-14', 'CE204', 721, '1519BECE30057', 1, 2, 1, 1, 1, 1),
('2016-03-17', 'CE204', 722, '1519BECE30057', 1, 2, 1, 1, 1, 1),
('2016-03-17', 'CE204', 723, '1519BECE30057', 1, 2, 1, 1, 1, 2),
('2016-03-14', 'CE204', 724, '1519BECE30058', 1, 2, 1, 1, 1, 1),
('2016-03-17', 'CE204', 725, '1519BECE30058', 1, 2, 1, 1, 1, 1),
('2016-03-17', 'CE204', 726, '1519BECE30058', 1, 2, 1, 1, 1, 2),
('2016-03-14', 'CE204', 727, '1519BECE30059', 1, 2, 1, 1, 1, 1),
('2016-03-17', 'CE204', 728, '1519BECE30059', 1, 2, 1, 1, 1, 1),
('2016-03-17', 'CE204', 729, '1519BECE30059', 1, 2, 1, 1, 1, 2),
('2016-03-14', 'CE204', 730, '1519BECE30060', 1, 2, 1, 1, 1, 1),
('2016-03-17', 'CE204', 731, '1519BECE30060', 1, 2, 1, 1, 1, 1),
('2016-03-17', 'CE204', 732, '1519BECE30060', 1, 2, 1, 1, 1, 2),
('2016-03-14', 'CE204', 733, '1519BECE30061', 1, 2, 1, 1, 1, 1),
('2016-03-17', 'CE204', 734, '1519BECE30061', 1, 2, 1, 1, 1, 1),
('2016-03-17', 'CE204', 735, '1519BECE30061', 1, 2, 1, 1, 1, 2),
('2016-03-14', 'CE204', 736, '1519BECE30062', 1, 2, 1, 1, 1, 1),
('2016-03-17', 'CE204', 737, '1519BECE30062', 1, 2, 1, 1, 1, 1),
('2016-03-17', 'CE204', 738, '1519BECE30062', 1, 2, 1, 1, 1, 2),
('2016-03-14', 'CE204', 739, '1519BECE30063', 1, 2, 1, 1, 1, 1),
('2016-03-17', 'CE204', 740, '1519BECE30063', 1, 2, 1, 1, 1, 1),
('2016-03-17', 'CE204', 741, '1519BECE30063', 1, 2, 1, 1, 1, 2),
('2016-03-14', 'CE204', 742, '1418BECE30022', 1, 2, 1, 1, 0, 1),
('2016-03-17', 'CE204', 743, '1418BECE30022', 1, 2, 1, 1, 0, 1),
('2016-03-17', 'CE204', 744, '1418BECE30022', 1, 2, 1, 1, 0, 2),
('2016-03-14', 'CE205', 745, '1519BECE30001', 1, 2, 1, 1, 1, 1),
('2016-03-17', 'CE205', 746, '1519BECE30001', 1, 2, 1, 1, 1, 1),
('2016-03-17', 'CE205', 747, '1519BECE30001', 1, 2, 1, 1, 1, 2),
('2016-03-14', 'CE205', 748, '1519BECE30002', 1, 2, 1, 1, 0, 1),
('2016-03-17', 'CE205', 749, '1519BECE30002', 1, 2, 1, 1, 1, 1),
('2016-03-17', 'CE205', 750, '1519BECE30002', 1, 2, 1, 1, 1, 2),
('2016-03-14', 'CE205', 751, '1519BECE30003', 1, 2, 1, 1, 1, 1),
('2016-03-17', 'CE205', 752, '1519BECE30003', 1, 2, 1, 1, 1, 1),
('2016-03-17', 'CE205', 753, '1519BECE30003', 1, 2, 1, 1, 1, 2),
('2016-03-14', 'CE205', 754, '1519BECE30004', 1, 2, 1, 1, 1, 1),
('2016-03-17', 'CE205', 755, '1519BECE30004', 1, 2, 1, 1, 1, 1),
('2016-03-17', 'CE205', 756, '1519BECE30004', 1, 2, 1, 1, 1, 2),
('2016-03-14', 'CE205', 757, '1519BECE30005', 1, 2, 1, 1, 1, 1),
('2016-03-17', 'CE205', 758, '1519BECE30005', 1, 2, 1, 1, 1, 1),
('2016-03-17', 'CE205', 759, '1519BECE30005', 1, 2, 1, 1, 1, 2),
('2016-03-14', 'CE205', 760, '1519BECE30006', 1, 2, 1, 1, 0, 1),
('2016-03-17', 'CE205', 761, '1519BECE30006', 1, 2, 1, 1, 1, 1),
('2016-03-17', 'CE205', 762, '1519BECE30006', 1, 2, 1, 1, 1, 2),
('2016-03-14', 'CE205', 763, '1519BECE30007', 1, 2, 1, 1, 0, 1),
('2016-03-17', 'CE205', 764, '1519BECE30007', 1, 2, 1, 1, 0, 1),
('2016-03-17', 'CE205', 765, '1519BECE30007', 1, 2, 1, 1, 0, 2),
('2016-03-14', 'CE205', 766, '1519BECE30008', 1, 2, 1, 1, 1, 1),
('2016-03-17', 'CE205', 767, '1519BECE30008', 1, 2, 1, 1, 1, 1),
('2016-03-17', 'CE205', 768, '1519BECE30008', 1, 2, 1, 1, 1, 2),
('2016-03-14', 'CE205', 769, '1519BECE30009', 1, 2, 1, 1, 1, 1),
('2016-03-17', 'CE205', 770, '1519BECE30009', 1, 2, 1, 1, 1, 1),
('2016-03-17', 'CE205', 771, '1519BECE30009', 1, 2, 1, 1, 1, 2),
('2016-03-14', 'CE205', 772, '1519BECE30010', 1, 2, 1, 1, 0, 1),
('2016-03-17', 'CE205', 773, '1519BECE30010', 1, 2, 1, 1, 1, 1),
('2016-03-17', 'CE205', 774, '1519BECE30010', 1, 2, 1, 1, 1, 2),
('2016-03-14', 'CE205', 775, '1519BECE30011', 1, 2, 1, 1, 1, 1),
('2016-03-17', 'CE205', 776, '1519BECE30011', 1, 2, 1, 1, 1, 1),
('2016-03-17', 'CE205', 777, '1519BECE30011', 1, 2, 1, 1, 1, 2),
('2016-03-14', 'CE205', 778, '1519BECE30012', 1, 2, 1, 1, 0, 1),
('2016-03-17', 'CE205', 779, '1519BECE30012', 1, 2, 1, 1, 0, 1),
('2016-03-17', 'CE205', 780, '1519BECE30012', 1, 2, 1, 1, 0, 2),
('2016-03-14', 'CE205', 781, '1519BECE30013', 1, 2, 1, 1, 1, 1),
('2016-03-17', 'CE205', 782, '1519BECE30013', 1, 2, 1, 1, 1, 1),
('2016-03-17', 'CE205', 783, '1519BECE30013', 1, 2, 1, 1, 1, 2),
('2016-03-14', 'CE205', 784, '1519BECE30014', 1, 2, 1, 1, 1, 1),
('2016-03-17', 'CE205', 785, '1519BECE30014', 1, 2, 1, 1, 1, 1),
('2016-03-17', 'CE205', 786, '1519BECE30014', 1, 2, 1, 1, 1, 2),
('2016-03-14', 'CE205', 787, '1519BECE30015', 1, 2, 1, 1, 1, 1),
('2016-03-17', 'CE205', 788, '1519BECE30015', 1, 2, 1, 1, 1, 1),
('2016-03-17', 'CE205', 789, '1519BECE30015', 1, 2, 1, 1, 1, 2),
('2016-03-14', 'CE205', 790, '1519BECE30016', 1, 2, 1, 1, 1, 1),
('2016-03-17', 'CE205', 791, '1519BECE30016', 1, 2, 1, 1, 1, 1),
('2016-03-17', 'CE205', 792, '1519BECE30016', 1, 2, 1, 1, 1, 2);
INSERT INTO `att_testing_struct` (`Lacture_Date`, `Subject_Code`, `Sr no`, `Erol`, `DepartmentID`, `Semester`, `DivisionID`, `BatchID`, `Present`, `SDLN`) VALUES
('2016-03-14', 'CE205', 793, '1519BECE30017', 1, 2, 1, 1, 0, 1),
('2016-03-17', 'CE205', 794, '1519BECE30017', 1, 2, 1, 1, 0, 1),
('2016-03-17', 'CE205', 795, '1519BECE30017', 1, 2, 1, 1, 0, 2),
('2016-03-14', 'CE205', 796, '1519BECE30018', 1, 2, 1, 1, 1, 1),
('2016-03-17', 'CE205', 797, '1519BECE30018', 1, 2, 1, 1, 1, 1),
('2016-03-17', 'CE205', 798, '1519BECE30018', 1, 2, 1, 1, 1, 2),
('2016-03-14', 'CE205', 799, '1519BECE30019', 1, 2, 1, 1, 0, 1),
('2016-03-17', 'CE205', 800, '1519BECE30019', 1, 2, 1, 1, 0, 1),
('2016-03-17', 'CE205', 801, '1519BECE30019', 1, 2, 1, 1, 0, 2),
('2016-03-14', 'CE205', 802, '1519BECE30020', 1, 2, 1, 1, 0, 1),
('2016-03-17', 'CE205', 803, '1519BECE30020', 1, 2, 1, 1, 1, 1),
('2016-03-17', 'CE205', 804, '1519BECE30020', 1, 2, 1, 1, 1, 2),
('2016-03-14', 'CE205', 805, '1519BECE30022', 1, 2, 1, 1, 0, 1),
('2016-03-17', 'CE205', 806, '1519BECE30022', 1, 2, 1, 1, 0, 1),
('2016-03-17', 'CE205', 807, '1519BECE30022', 1, 2, 1, 1, 0, 2),
('2016-03-14', 'CE205', 808, '1519BECE30023', 1, 2, 1, 1, 1, 1),
('2016-03-17', 'CE205', 809, '1519BECE30023', 1, 2, 1, 1, 1, 1),
('2016-03-17', 'CE205', 810, '1519BECE30023', 1, 2, 1, 1, 1, 2),
('2016-03-14', 'CE205', 811, '1519BECE30024', 1, 2, 1, 1, 1, 1),
('2016-03-17', 'CE205', 812, '1519BECE30024', 1, 2, 1, 1, 1, 1),
('2016-03-17', 'CE205', 813, '1519BECE30024', 1, 2, 1, 1, 1, 2),
('2016-03-14', 'CE205', 814, '1519BECE30025', 1, 2, 1, 1, 0, 1),
('2016-03-17', 'CE205', 815, '1519BECE30025', 1, 2, 1, 1, 0, 1),
('2016-03-17', 'CE205', 816, '1519BECE30025', 1, 2, 1, 1, 0, 2),
('2016-03-14', 'CE205', 817, '1519BECE30026', 1, 2, 1, 1, 0, 1),
('2016-03-17', 'CE205', 818, '1519BECE30026', 1, 2, 1, 1, 0, 1),
('2016-03-17', 'CE205', 819, '1519BECE30026', 1, 2, 1, 1, 0, 2),
('2016-03-14', 'CE205', 820, '1519BECE30027', 1, 2, 1, 1, 1, 1),
('2016-03-17', 'CE205', 821, '1519BECE30027', 1, 2, 1, 1, 1, 1),
('2016-03-17', 'CE205', 822, '1519BECE30027', 1, 2, 1, 1, 1, 2),
('2016-03-14', 'CE205', 823, '1519BECE30028', 1, 2, 1, 1, 1, 1),
('2016-03-17', 'CE205', 824, '1519BECE30028', 1, 2, 1, 1, 1, 1),
('2016-03-17', 'CE205', 825, '1519BECE30028', 1, 2, 1, 1, 1, 2),
('2016-03-14', 'CE205', 826, '1519BECE30029', 1, 2, 1, 1, 1, 1),
('2016-03-17', 'CE205', 827, '1519BECE30029', 1, 2, 1, 1, 1, 1),
('2016-03-17', 'CE205', 828, '1519BECE30029', 1, 2, 1, 1, 1, 2),
('2016-03-14', 'CE205', 829, '1519BECE30030', 1, 2, 1, 1, 1, 1),
('2016-03-17', 'CE205', 830, '1519BECE30030', 1, 2, 1, 1, 1, 1),
('2016-03-17', 'CE205', 831, '1519BECE30030', 1, 2, 1, 1, 1, 2),
('2016-03-14', 'CE205', 832, '1519BECE30031', 1, 2, 1, 1, 0, 1),
('2016-03-17', 'CE205', 833, '1519BECE30031', 1, 2, 1, 1, 0, 1),
('2016-03-17', 'CE205', 834, '1519BECE30031', 1, 2, 1, 1, 0, 2),
('2016-03-14', 'CE205', 835, '1519BECE30032', 1, 2, 1, 1, 1, 1),
('2016-03-17', 'CE205', 836, '1519BECE30032', 1, 2, 1, 1, 1, 1),
('2016-03-17', 'CE205', 837, '1519BECE30032', 1, 2, 1, 1, 1, 2),
('2016-03-14', 'CE205', 838, '1519BECE30033', 1, 2, 1, 1, 0, 1),
('2016-03-17', 'CE205', 839, '1519BECE30033', 1, 2, 1, 1, 1, 1),
('2016-03-17', 'CE205', 840, '1519BECE30033', 1, 2, 1, 1, 1, 2),
('2016-03-14', 'CE205', 841, '1519BECE30034', 1, 2, 1, 1, 1, 1),
('2016-03-17', 'CE205', 842, '1519BECE30034', 1, 2, 1, 1, 1, 1),
('2016-03-17', 'CE205', 843, '1519BECE30034', 1, 2, 1, 1, 1, 2),
('2016-03-14', 'CE205', 844, '1519BECE30035', 1, 2, 1, 1, 1, 1),
('2016-03-17', 'CE205', 845, '1519BECE30035', 1, 2, 1, 1, 1, 1),
('2016-03-17', 'CE205', 846, '1519BECE30035', 1, 2, 1, 1, 1, 2),
('2016-03-14', 'CE205', 847, '1519BECE30036', 1, 2, 1, 1, 1, 1),
('2016-03-17', 'CE205', 848, '1519BECE30036', 1, 2, 1, 1, 1, 1),
('2016-03-17', 'CE205', 849, '1519BECE30036', 1, 2, 1, 1, 1, 2),
('2016-03-14', 'CE205', 850, '1519BECE30037', 1, 2, 1, 1, 0, 1),
('2016-03-17', 'CE205', 851, '1519BECE30037', 1, 2, 1, 1, 0, 1),
('2016-03-17', 'CE205', 852, '1519BECE30037', 1, 2, 1, 1, 0, 2),
('2016-03-14', 'CE205', 853, '1519BECE30038', 1, 2, 1, 1, 1, 1),
('2016-03-17', 'CE205', 854, '1519BECE30038', 1, 2, 1, 1, 1, 1),
('2016-03-17', 'CE205', 855, '1519BECE30038', 1, 2, 1, 1, 1, 2),
('2016-03-14', 'CE205', 856, '1519BECE30039', 1, 2, 1, 1, 1, 1),
('2016-03-17', 'CE205', 857, '1519BECE30039', 1, 2, 1, 1, 1, 1),
('2016-03-17', 'CE205', 858, '1519BECE30039', 1, 2, 1, 1, 1, 2),
('2016-03-14', 'CE205', 859, '1519BECE30040', 1, 2, 1, 1, 0, 1),
('2016-03-17', 'CE205', 860, '1519BECE30040', 1, 2, 1, 1, 0, 1),
('2016-03-17', 'CE205', 861, '1519BECE30040', 1, 2, 1, 1, 0, 2),
('2016-03-14', 'CE205', 862, '1519BECE30041', 1, 2, 1, 1, 1, 1),
('2016-03-17', 'CE205', 863, '1519BECE30041', 1, 2, 1, 1, 1, 1),
('2016-03-17', 'CE205', 864, '1519BECE30041', 1, 2, 1, 1, 1, 2),
('2016-03-14', 'CE205', 865, '1519BECE30042', 1, 2, 1, 1, 0, 1),
('2016-03-17', 'CE205', 866, '1519BECE30042', 1, 2, 1, 1, 0, 1),
('2016-03-17', 'CE205', 867, '1519BECE30042', 1, 2, 1, 1, 0, 2),
('2016-03-14', 'CE205', 868, '1519BECE30043', 1, 2, 1, 1, 1, 1),
('2016-03-17', 'CE205', 869, '1519BECE30043', 1, 2, 1, 1, 1, 1),
('2016-03-17', 'CE205', 870, '1519BECE30043', 1, 2, 1, 1, 1, 2),
('2016-03-14', 'CE205', 871, '1519BECE30044', 1, 2, 1, 1, 1, 1),
('2016-03-17', 'CE205', 872, '1519BECE30044', 1, 2, 1, 1, 1, 1),
('2016-03-17', 'CE205', 873, '1519BECE30044', 1, 2, 1, 1, 1, 2),
('2016-03-14', 'CE205', 874, '1519BECE30045', 1, 2, 1, 1, 0, 1),
('2016-03-17', 'CE205', 875, '1519BECE30045', 1, 2, 1, 1, 0, 1),
('2016-03-17', 'CE205', 876, '1519BECE30045', 1, 2, 1, 1, 0, 2),
('2016-03-14', 'CE205', 877, '1519BECE30046', 1, 2, 1, 1, 0, 1),
('2016-03-17', 'CE205', 878, '1519BECE30046', 1, 2, 1, 1, 0, 1),
('2016-03-17', 'CE205', 879, '1519BECE30046', 1, 2, 1, 1, 0, 2),
('2016-03-14', 'CE205', 880, '1519BECE30047', 1, 2, 1, 1, 0, 1),
('2016-03-17', 'CE205', 881, '1519BECE30047', 1, 2, 1, 1, 0, 1),
('2016-03-17', 'CE205', 882, '1519BECE30047', 1, 2, 1, 1, 0, 2),
('2016-03-14', 'CE205', 883, '1519BECE30048', 1, 2, 1, 1, 1, 1),
('2016-03-17', 'CE205', 884, '1519BECE30048', 1, 2, 1, 1, 1, 1),
('2016-03-17', 'CE205', 885, '1519BECE30048', 1, 2, 1, 1, 1, 2),
('2016-03-14', 'CE205', 886, '1519BECE30049', 1, 2, 1, 1, 1, 1),
('2016-03-17', 'CE205', 887, '1519BECE30049', 1, 2, 1, 1, 1, 1),
('2016-03-17', 'CE205', 888, '1519BECE30049', 1, 2, 1, 1, 1, 2),
('2016-03-14', 'CE205', 889, '1519BECE30050', 1, 2, 1, 1, 0, 1),
('2016-03-17', 'CE205', 890, '1519BECE30050', 1, 2, 1, 1, 1, 1),
('2016-03-17', 'CE205', 891, '1519BECE30050', 1, 2, 1, 1, 1, 2),
('2016-03-14', 'CE205', 892, '1519BECE30051', 1, 2, 1, 1, 1, 1),
('2016-03-17', 'CE205', 893, '1519BECE30051', 1, 2, 1, 1, 1, 1),
('2016-03-17', 'CE205', 894, '1519BECE30051', 1, 2, 1, 1, 1, 2),
('2016-03-14', 'CE205', 895, '1519BECE30052', 1, 2, 1, 1, 1, 1),
('2016-03-17', 'CE205', 896, '1519BECE30052', 1, 2, 1, 1, 1, 1),
('2016-03-17', 'CE205', 897, '1519BECE30052', 1, 2, 1, 1, 1, 2),
('2016-03-14', 'CE205', 898, '1519BECE30053', 1, 2, 1, 1, 1, 1),
('2016-03-17', 'CE205', 899, '1519BECE30053', 1, 2, 1, 1, 1, 1),
('2016-03-17', 'CE205', 900, '1519BECE30053', 1, 2, 1, 1, 1, 2),
('2016-03-14', 'CE205', 901, '1519BECE30055', 1, 2, 1, 1, 1, 1),
('2016-03-17', 'CE205', 902, '1519BECE30055', 1, 2, 1, 1, 1, 1),
('2016-03-17', 'CE205', 903, '1519BECE30055', 1, 2, 1, 1, 1, 2),
('2016-03-14', 'CE205', 904, '1519BECE30056', 1, 2, 1, 1, 1, 1),
('2016-03-17', 'CE205', 905, '1519BECE30056', 1, 2, 1, 1, 1, 1),
('2016-03-17', 'CE205', 906, '1519BECE30056', 1, 2, 1, 1, 1, 2),
('2016-03-14', 'CE205', 907, '1519BECE30057', 1, 2, 1, 1, 1, 1),
('2016-03-17', 'CE205', 908, '1519BECE30057', 1, 2, 1, 1, 1, 1),
('2016-03-17', 'CE205', 909, '1519BECE30057', 1, 2, 1, 1, 1, 2),
('2016-03-14', 'CE205', 910, '1519BECE30058', 1, 2, 1, 1, 1, 1),
('2016-03-17', 'CE205', 911, '1519BECE30058', 1, 2, 1, 1, 1, 1),
('2016-03-17', 'CE205', 912, '1519BECE30058', 1, 2, 1, 1, 1, 2),
('2016-03-14', 'CE205', 913, '1519BECE30059', 1, 2, 1, 1, 1, 1),
('2016-03-17', 'CE205', 914, '1519BECE30059', 1, 2, 1, 1, 1, 1),
('2016-03-17', 'CE205', 915, '1519BECE30059', 1, 2, 1, 1, 1, 2),
('2016-03-14', 'CE205', 916, '1519BECE30060', 1, 2, 1, 1, 1, 1),
('2016-03-17', 'CE205', 917, '1519BECE30060', 1, 2, 1, 1, 1, 1),
('2016-03-17', 'CE205', 918, '1519BECE30060', 1, 2, 1, 1, 1, 2),
('2016-03-14', 'CE205', 919, '1519BECE30061', 1, 2, 1, 1, 1, 1),
('2016-03-17', 'CE205', 920, '1519BECE30061', 1, 2, 1, 1, 1, 1),
('2016-03-17', 'CE205', 921, '1519BECE30061', 1, 2, 1, 1, 1, 2),
('2016-03-14', 'CE205', 922, '1519BECE30062', 1, 2, 1, 1, 1, 1),
('2016-03-17', 'CE205', 923, '1519BECE30062', 1, 2, 1, 1, 1, 1),
('2016-03-17', 'CE205', 924, '1519BECE30062', 1, 2, 1, 1, 1, 2),
('2016-03-14', 'CE205', 925, '1519BECE30063', 1, 2, 1, 1, 1, 1),
('2016-03-17', 'CE205', 926, '1519BECE30063', 1, 2, 1, 1, 1, 1),
('2016-03-17', 'CE205', 927, '1519BECE30063', 1, 2, 1, 1, 1, 2),
('2016-03-14', 'CE205', 928, '1418BECE30022', 1, 2, 1, 1, 0, 1),
('2016-03-17', 'CE205', 929, '1418BECE30022', 1, 2, 1, 1, 0, 1),
('2016-03-17', 'CE205', 930, '1418BECE30022', 1, 2, 1, 1, 0, 2),
('2016-03-14', 'CE206', 931, '1519BECE30001', 1, 2, 1, 1, 1, 1),
('2016-03-17', 'CE206', 932, '1519BECE30001', 1, 2, 1, 1, 1, 1),
('2016-03-17', 'CE206', 933, '1519BECE30001', 1, 2, 1, 1, 1, 2),
('2016-03-14', 'CE206', 934, '1519BECE30002', 1, 2, 1, 1, 0, 1),
('2016-03-17', 'CE206', 935, '1519BECE30002', 1, 2, 1, 1, 1, 1),
('2016-03-17', 'CE206', 936, '1519BECE30002', 1, 2, 1, 1, 1, 2),
('2016-03-14', 'CE206', 937, '1519BECE30003', 1, 2, 1, 1, 1, 1),
('2016-03-17', 'CE206', 938, '1519BECE30003', 1, 2, 1, 1, 1, 1),
('2016-03-17', 'CE206', 939, '1519BECE30003', 1, 2, 1, 1, 1, 2),
('2016-03-14', 'CE206', 940, '1519BECE30004', 1, 2, 1, 1, 1, 1),
('2016-03-17', 'CE206', 941, '1519BECE30004', 1, 2, 1, 1, 1, 1),
('2016-03-17', 'CE206', 942, '1519BECE30004', 1, 2, 1, 1, 1, 2),
('2016-03-14', 'CE206', 943, '1519BECE30005', 1, 2, 1, 1, 1, 1),
('2016-03-17', 'CE206', 944, '1519BECE30005', 1, 2, 1, 1, 1, 1),
('2016-03-17', 'CE206', 945, '1519BECE30005', 1, 2, 1, 1, 1, 2),
('2016-03-14', 'CE206', 946, '1519BECE30006', 1, 2, 1, 1, 0, 1),
('2016-03-17', 'CE206', 947, '1519BECE30006', 1, 2, 1, 1, 1, 1),
('2016-03-17', 'CE206', 948, '1519BECE30006', 1, 2, 1, 1, 1, 2),
('2016-03-14', 'CE206', 949, '1519BECE30007', 1, 2, 1, 1, 0, 1),
('2016-03-17', 'CE206', 950, '1519BECE30007', 1, 2, 1, 1, 0, 1),
('2016-03-17', 'CE206', 951, '1519BECE30007', 1, 2, 1, 1, 0, 2),
('2016-03-14', 'CE206', 952, '1519BECE30008', 1, 2, 1, 1, 1, 1),
('2016-03-17', 'CE206', 953, '1519BECE30008', 1, 2, 1, 1, 1, 1),
('2016-03-17', 'CE206', 954, '1519BECE30008', 1, 2, 1, 1, 1, 2),
('2016-03-14', 'CE206', 955, '1519BECE30009', 1, 2, 1, 1, 1, 1),
('2016-03-17', 'CE206', 956, '1519BECE30009', 1, 2, 1, 1, 1, 1),
('2016-03-17', 'CE206', 957, '1519BECE30009', 1, 2, 1, 1, 1, 2),
('2016-03-14', 'CE206', 958, '1519BECE30010', 1, 2, 1, 1, 0, 1),
('2016-03-17', 'CE206', 959, '1519BECE30010', 1, 2, 1, 1, 1, 1),
('2016-03-17', 'CE206', 960, '1519BECE30010', 1, 2, 1, 1, 1, 2),
('2016-03-14', 'CE206', 961, '1519BECE30011', 1, 2, 1, 1, 1, 1),
('2016-03-17', 'CE206', 962, '1519BECE30011', 1, 2, 1, 1, 1, 1),
('2016-03-17', 'CE206', 963, '1519BECE30011', 1, 2, 1, 1, 1, 2),
('2016-03-14', 'CE206', 964, '1519BECE30012', 1, 2, 1, 1, 0, 1),
('2016-03-17', 'CE206', 965, '1519BECE30012', 1, 2, 1, 1, 0, 1),
('2016-03-17', 'CE206', 966, '1519BECE30012', 1, 2, 1, 1, 0, 2),
('2016-03-14', 'CE206', 967, '1519BECE30013', 1, 2, 1, 1, 1, 1),
('2016-03-17', 'CE206', 968, '1519BECE30013', 1, 2, 1, 1, 1, 1),
('2016-03-17', 'CE206', 969, '1519BECE30013', 1, 2, 1, 1, 1, 2),
('2016-03-14', 'CE206', 970, '1519BECE30014', 1, 2, 1, 1, 1, 1),
('2016-03-17', 'CE206', 971, '1519BECE30014', 1, 2, 1, 1, 1, 1),
('2016-03-17', 'CE206', 972, '1519BECE30014', 1, 2, 1, 1, 1, 2),
('2016-03-14', 'CE206', 973, '1519BECE30015', 1, 2, 1, 1, 1, 1),
('2016-03-17', 'CE206', 974, '1519BECE30015', 1, 2, 1, 1, 1, 1),
('2016-03-17', 'CE206', 975, '1519BECE30015', 1, 2, 1, 1, 1, 2),
('2016-03-14', 'CE206', 976, '1519BECE30016', 1, 2, 1, 1, 1, 1),
('2016-03-17', 'CE206', 977, '1519BECE30016', 1, 2, 1, 1, 1, 1),
('2016-03-17', 'CE206', 978, '1519BECE30016', 1, 2, 1, 1, 1, 2),
('2016-03-14', 'CE206', 979, '1519BECE30017', 1, 2, 1, 1, 0, 1),
('2016-03-17', 'CE206', 980, '1519BECE30017', 1, 2, 1, 1, 0, 1),
('2016-03-17', 'CE206', 981, '1519BECE30017', 1, 2, 1, 1, 0, 2),
('2016-03-14', 'CE206', 982, '1519BECE30018', 1, 2, 1, 1, 1, 1),
('2016-03-17', 'CE206', 983, '1519BECE30018', 1, 2, 1, 1, 1, 1),
('2016-03-17', 'CE206', 984, '1519BECE30018', 1, 2, 1, 1, 1, 2),
('2016-03-14', 'CE206', 985, '1519BECE30019', 1, 2, 1, 1, 0, 1),
('2016-03-17', 'CE206', 986, '1519BECE30019', 1, 2, 1, 1, 0, 1),
('2016-03-17', 'CE206', 987, '1519BECE30019', 1, 2, 1, 1, 0, 2),
('2016-03-14', 'CE206', 988, '1519BECE30020', 1, 2, 1, 1, 0, 1),
('2016-03-17', 'CE206', 989, '1519BECE30020', 1, 2, 1, 1, 1, 1),
('2016-03-17', 'CE206', 990, '1519BECE30020', 1, 2, 1, 1, 1, 2),
('2016-03-14', 'CE206', 991, '1519BECE30022', 1, 2, 1, 1, 0, 1),
('2016-03-17', 'CE206', 992, '1519BECE30022', 1, 2, 1, 1, 0, 1),
('2016-03-17', 'CE206', 993, '1519BECE30022', 1, 2, 1, 1, 0, 2),
('2016-03-14', 'CE206', 994, '1519BECE30023', 1, 2, 1, 1, 1, 1),
('2016-03-17', 'CE206', 995, '1519BECE30023', 1, 2, 1, 1, 1, 1),
('2016-03-17', 'CE206', 996, '1519BECE30023', 1, 2, 1, 1, 1, 2),
('2016-03-14', 'CE206', 997, '1519BECE30024', 1, 2, 1, 1, 1, 1),
('2016-03-17', 'CE206', 998, '1519BECE30024', 1, 2, 1, 1, 1, 1),
('2016-03-17', 'CE206', 999, '1519BECE30024', 1, 2, 1, 1, 1, 2),
('2016-03-14', 'CE206', 1000, '1519BECE30025', 1, 2, 1, 1, 0, 1),
('2016-03-17', 'CE206', 1001, '1519BECE30025', 1, 2, 1, 1, 0, 1),
('2016-03-17', 'CE206', 1002, '1519BECE30025', 1, 2, 1, 1, 0, 2),
('2016-03-14', 'CE206', 1003, '1519BECE30026', 1, 2, 1, 1, 0, 1),
('2016-03-17', 'CE206', 1004, '1519BECE30026', 1, 2, 1, 1, 0, 1),
('2016-03-17', 'CE206', 1005, '1519BECE30026', 1, 2, 1, 1, 0, 2),
('2016-03-14', 'CE206', 1006, '1519BECE30027', 1, 2, 1, 1, 1, 1),
('2016-03-17', 'CE206', 1007, '1519BECE30027', 1, 2, 1, 1, 1, 1),
('2016-03-17', 'CE206', 1008, '1519BECE30027', 1, 2, 1, 1, 1, 2),
('2016-03-14', 'CE206', 1009, '1519BECE30028', 1, 2, 1, 1, 1, 1),
('2016-03-17', 'CE206', 1010, '1519BECE30028', 1, 2, 1, 1, 1, 1),
('2016-03-17', 'CE206', 1011, '1519BECE30028', 1, 2, 1, 1, 1, 2),
('2016-03-14', 'CE206', 1012, '1519BECE30029', 1, 2, 1, 1, 1, 1),
('2016-03-17', 'CE206', 1013, '1519BECE30029', 1, 2, 1, 1, 1, 1),
('2016-03-17', 'CE206', 1014, '1519BECE30029', 1, 2, 1, 1, 1, 2),
('2016-03-14', 'CE206', 1015, '1519BECE30030', 1, 2, 1, 1, 1, 1),
('2016-03-17', 'CE206', 1016, '1519BECE30030', 1, 2, 1, 1, 1, 1),
('2016-03-17', 'CE206', 1017, '1519BECE30030', 1, 2, 1, 1, 1, 2),
('2016-03-14', 'CE206', 1018, '1519BECE30031', 1, 2, 1, 1, 0, 1),
('2016-03-17', 'CE206', 1019, '1519BECE30031', 1, 2, 1, 1, 0, 1),
('2016-03-17', 'CE206', 1020, '1519BECE30031', 1, 2, 1, 1, 0, 2),
('2016-03-14', 'CE206', 1021, '1519BECE30032', 1, 2, 1, 1, 1, 1),
('2016-03-17', 'CE206', 1022, '1519BECE30032', 1, 2, 1, 1, 1, 1),
('2016-03-17', 'CE206', 1023, '1519BECE30032', 1, 2, 1, 1, 1, 2),
('2016-03-14', 'CE206', 1024, '1519BECE30033', 1, 2, 1, 1, 0, 1),
('2016-03-17', 'CE206', 1025, '1519BECE30033', 1, 2, 1, 1, 1, 1),
('2016-03-17', 'CE206', 1026, '1519BECE30033', 1, 2, 1, 1, 1, 2),
('2016-03-14', 'CE206', 1027, '1519BECE30034', 1, 2, 1, 1, 1, 1),
('2016-03-17', 'CE206', 1028, '1519BECE30034', 1, 2, 1, 1, 1, 1),
('2016-03-17', 'CE206', 1029, '1519BECE30034', 1, 2, 1, 1, 1, 2),
('2016-03-14', 'CE206', 1030, '1519BECE30035', 1, 2, 1, 1, 1, 1),
('2016-03-17', 'CE206', 1031, '1519BECE30035', 1, 2, 1, 1, 1, 1),
('2016-03-17', 'CE206', 1032, '1519BECE30035', 1, 2, 1, 1, 1, 2),
('2016-03-14', 'CE206', 1033, '1519BECE30036', 1, 2, 1, 1, 1, 1),
('2016-03-17', 'CE206', 1034, '1519BECE30036', 1, 2, 1, 1, 1, 1),
('2016-03-17', 'CE206', 1035, '1519BECE30036', 1, 2, 1, 1, 1, 2),
('2016-03-14', 'CE206', 1036, '1519BECE30037', 1, 2, 1, 1, 0, 1),
('2016-03-17', 'CE206', 1037, '1519BECE30037', 1, 2, 1, 1, 0, 1),
('2016-03-17', 'CE206', 1038, '1519BECE30037', 1, 2, 1, 1, 0, 2),
('2016-03-14', 'CE206', 1039, '1519BECE30038', 1, 2, 1, 1, 1, 1),
('2016-03-17', 'CE206', 1040, '1519BECE30038', 1, 2, 1, 1, 1, 1),
('2016-03-17', 'CE206', 1041, '1519BECE30038', 1, 2, 1, 1, 1, 2),
('2016-03-14', 'CE206', 1042, '1519BECE30039', 1, 2, 1, 1, 1, 1),
('2016-03-17', 'CE206', 1043, '1519BECE30039', 1, 2, 1, 1, 1, 1),
('2016-03-17', 'CE206', 1044, '1519BECE30039', 1, 2, 1, 1, 1, 2),
('2016-03-14', 'CE206', 1045, '1519BECE30040', 1, 2, 1, 1, 0, 1),
('2016-03-17', 'CE206', 1046, '1519BECE30040', 1, 2, 1, 1, 0, 1),
('2016-03-17', 'CE206', 1047, '1519BECE30040', 1, 2, 1, 1, 0, 2),
('2016-03-14', 'CE206', 1048, '1519BECE30041', 1, 2, 1, 1, 1, 1),
('2016-03-17', 'CE206', 1049, '1519BECE30041', 1, 2, 1, 1, 1, 1),
('2016-03-17', 'CE206', 1050, '1519BECE30041', 1, 2, 1, 1, 1, 2),
('2016-03-14', 'CE206', 1051, '1519BECE30042', 1, 2, 1, 1, 0, 1),
('2016-03-17', 'CE206', 1052, '1519BECE30042', 1, 2, 1, 1, 0, 1),
('2016-03-17', 'CE206', 1053, '1519BECE30042', 1, 2, 1, 1, 0, 2),
('2016-03-14', 'CE206', 1054, '1519BECE30043', 1, 2, 1, 1, 1, 1),
('2016-03-17', 'CE206', 1055, '1519BECE30043', 1, 2, 1, 1, 1, 1),
('2016-03-17', 'CE206', 1056, '1519BECE30043', 1, 2, 1, 1, 1, 2),
('2016-03-14', 'CE206', 1057, '1519BECE30044', 1, 2, 1, 1, 1, 1),
('2016-03-17', 'CE206', 1058, '1519BECE30044', 1, 2, 1, 1, 1, 1),
('2016-03-17', 'CE206', 1059, '1519BECE30044', 1, 2, 1, 1, 1, 2),
('2016-03-14', 'CE206', 1060, '1519BECE30045', 1, 2, 1, 1, 0, 1),
('2016-03-17', 'CE206', 1061, '1519BECE30045', 1, 2, 1, 1, 0, 1),
('2016-03-17', 'CE206', 1062, '1519BECE30045', 1, 2, 1, 1, 0, 2),
('2016-03-14', 'CE206', 1063, '1519BECE30046', 1, 2, 1, 1, 0, 1),
('2016-03-17', 'CE206', 1064, '1519BECE30046', 1, 2, 1, 1, 0, 1),
('2016-03-17', 'CE206', 1065, '1519BECE30046', 1, 2, 1, 1, 0, 2),
('2016-03-14', 'CE206', 1066, '1519BECE30047', 1, 2, 1, 1, 0, 1),
('2016-03-17', 'CE206', 1067, '1519BECE30047', 1, 2, 1, 1, 0, 1),
('2016-03-17', 'CE206', 1068, '1519BECE30047', 1, 2, 1, 1, 0, 2),
('2016-03-14', 'CE206', 1069, '1519BECE30048', 1, 2, 1, 1, 1, 1),
('2016-03-17', 'CE206', 1070, '1519BECE30048', 1, 2, 1, 1, 1, 1),
('2016-03-17', 'CE206', 1071, '1519BECE30048', 1, 2, 1, 1, 1, 2),
('2016-03-14', 'CE206', 1072, '1519BECE30049', 1, 2, 1, 1, 1, 1),
('2016-03-17', 'CE206', 1073, '1519BECE30049', 1, 2, 1, 1, 1, 1),
('2016-03-17', 'CE206', 1074, '1519BECE30049', 1, 2, 1, 1, 1, 2),
('2016-03-14', 'CE206', 1075, '1519BECE30050', 1, 2, 1, 1, 0, 1),
('2016-03-17', 'CE206', 1076, '1519BECE30050', 1, 2, 1, 1, 1, 1),
('2016-03-17', 'CE206', 1077, '1519BECE30050', 1, 2, 1, 1, 1, 2),
('2016-03-14', 'CE206', 1078, '1519BECE30051', 1, 2, 1, 1, 1, 1),
('2016-03-17', 'CE206', 1079, '1519BECE30051', 1, 2, 1, 1, 1, 1),
('2016-03-17', 'CE206', 1080, '1519BECE30051', 1, 2, 1, 1, 1, 2),
('2016-03-14', 'CE206', 1081, '1519BECE30052', 1, 2, 1, 1, 1, 1),
('2016-03-17', 'CE206', 1082, '1519BECE30052', 1, 2, 1, 1, 1, 1),
('2016-03-17', 'CE206', 1083, '1519BECE30052', 1, 2, 1, 1, 1, 2),
('2016-03-14', 'CE206', 1084, '1519BECE30053', 1, 2, 1, 1, 1, 1),
('2016-03-17', 'CE206', 1085, '1519BECE30053', 1, 2, 1, 1, 1, 1),
('2016-03-17', 'CE206', 1086, '1519BECE30053', 1, 2, 1, 1, 1, 2),
('2016-03-14', 'CE206', 1087, '1519BECE30055', 1, 2, 1, 1, 1, 1),
('2016-03-17', 'CE206', 1088, '1519BECE30055', 1, 2, 1, 1, 1, 1),
('2016-03-17', 'CE206', 1089, '1519BECE30055', 1, 2, 1, 1, 1, 2),
('2016-03-14', 'CE206', 1090, '1519BECE30056', 1, 2, 1, 1, 1, 1),
('2016-03-17', 'CE206', 1091, '1519BECE30056', 1, 2, 1, 1, 1, 1),
('2016-03-17', 'CE206', 1092, '1519BECE30056', 1, 2, 1, 1, 1, 2),
('2016-03-14', 'CE206', 1093, '1519BECE30057', 1, 2, 1, 1, 1, 1),
('2016-03-17', 'CE206', 1094, '1519BECE30057', 1, 2, 1, 1, 1, 1),
('2016-03-17', 'CE206', 1095, '1519BECE30057', 1, 2, 1, 1, 1, 2),
('2016-03-14', 'CE206', 1096, '1519BECE30058', 1, 2, 1, 1, 1, 1),
('2016-03-17', 'CE206', 1097, '1519BECE30058', 1, 2, 1, 1, 1, 1),
('2016-03-17', 'CE206', 1098, '1519BECE30058', 1, 2, 1, 1, 1, 2),
('2016-03-14', 'CE206', 1099, '1519BECE30059', 1, 2, 1, 1, 1, 1),
('2016-03-17', 'CE206', 1100, '1519BECE30059', 1, 2, 1, 1, 1, 1),
('2016-03-17', 'CE206', 1101, '1519BECE30059', 1, 2, 1, 1, 1, 2),
('2016-03-14', 'CE206', 1102, '1519BECE30060', 1, 2, 1, 1, 1, 1),
('2016-03-17', 'CE206', 1103, '1519BECE30060', 1, 2, 1, 1, 1, 1),
('2016-03-17', 'CE206', 1104, '1519BECE30060', 1, 2, 1, 1, 1, 2),
('2016-03-14', 'CE206', 1105, '1519BECE30061', 1, 2, 1, 1, 1, 1),
('2016-03-17', 'CE206', 1106, '1519BECE30061', 1, 2, 1, 1, 1, 1),
('2016-03-17', 'CE206', 1107, '1519BECE30061', 1, 2, 1, 1, 1, 2),
('2016-03-14', 'CE206', 1108, '1519BECE30062', 1, 2, 1, 1, 1, 1),
('2016-03-17', 'CE206', 1109, '1519BECE30062', 1, 2, 1, 1, 1, 1),
('2016-03-17', 'CE206', 1110, '1519BECE30062', 1, 2, 1, 1, 1, 2),
('2016-03-14', 'CE206', 1111, '1519BECE30063', 1, 2, 1, 1, 1, 1),
('2016-03-17', 'CE206', 1112, '1519BECE30063', 1, 2, 1, 1, 1, 1),
('2016-03-17', 'CE206', 1113, '1519BECE30063', 1, 2, 1, 1, 1, 2),
('2016-03-14', 'CE206', 1114, '1418BECE30022', 1, 2, 1, 1, 0, 1),
('2016-03-17', 'CE206', 1115, '1418BECE30022', 1, 2, 1, 1, 0, 1),
('2016-03-17', 'CE206', 1116, '1418BECE30022', 1, 2, 1, 1, 0, 2),
('2016-03-15', 'CE202', 8371, '1519BECE30001', 1, 2, 1, 1, 0, 1),
('2016-03-18', 'CE202', 8372, '1519BECE30001', 1, 2, 1, 1, 1, 1),
('2016-03-15', 'CE202', 8373, '1519BECE30002', 1, 2, 1, 1, 0, 1),
('2016-03-18', 'CE202', 8374, '1519BECE30002', 1, 2, 1, 1, 0, 1),
('2016-03-15', 'CE202', 8375, '1519BECE30003', 1, 2, 1, 1, 0, 1),
('2016-03-18', 'CE202', 8376, '1519BECE30003', 1, 2, 1, 1, 0, 1),
('2016-03-15', 'CE202', 8377, '1519BECE30004', 1, 2, 1, 1, 0, 1),
('2016-03-18', 'CE202', 8378, '1519BECE30004', 1, 2, 1, 1, 0, 1),
('2016-03-15', 'CE202', 8379, '1519BECE30005', 1, 2, 1, 1, 1, 1),
('2016-03-18', 'CE202', 8380, '1519BECE30005', 1, 2, 1, 1, 1, 1),
('2016-03-15', 'CE202', 8381, '1519BECE30006', 1, 2, 1, 1, 1, 1),
('2016-03-18', 'CE202', 8382, '1519BECE30006', 1, 2, 1, 1, 1, 1),
('2016-03-15', 'CE202', 8383, '1519BECE30007', 1, 2, 1, 1, 0, 1),
('2016-03-18', 'CE202', 8384, '1519BECE30007', 1, 2, 1, 1, 0, 1),
('2016-03-15', 'CE202', 8385, '1519BECE30008', 1, 2, 1, 1, 1, 1),
('2016-03-18', 'CE202', 8386, '1519BECE30008', 1, 2, 1, 1, 1, 1),
('2016-03-15', 'CE202', 8387, '1519BECE30009', 1, 2, 1, 1, 0, 1),
('2016-03-18', 'CE202', 8388, '1519BECE30009', 1, 2, 1, 1, 0, 1),
('2016-03-15', 'CE202', 8389, '1519BECE30010', 1, 2, 1, 1, 0, 1),
('2016-03-18', 'CE202', 8390, '1519BECE30010', 1, 2, 1, 1, 0, 1),
('2016-03-15', 'CE202', 8391, '1519BECE30011', 1, 2, 1, 1, 1, 1),
('2016-03-18', 'CE202', 8392, '1519BECE30011', 1, 2, 1, 1, 1, 1),
('2016-03-15', 'CE202', 8393, '1519BECE30012', 1, 2, 1, 1, 1, 1),
('2016-03-18', 'CE202', 8394, '1519BECE30012', 1, 2, 1, 1, 1, 1),
('2016-03-15', 'CE202', 8395, '1519BECE30013', 1, 2, 1, 1, 0, 1),
('2016-03-18', 'CE202', 8396, '1519BECE30013', 1, 2, 1, 1, 0, 1),
('2016-03-15', 'CE202', 8397, '1519BECE30014', 1, 2, 1, 1, 0, 1),
('2016-03-18', 'CE202', 8398, '1519BECE30014', 1, 2, 1, 1, 0, 1),
('2016-03-15', 'CE202', 8399, '1519BECE30015', 1, 2, 1, 1, 1, 1),
('2016-03-18', 'CE202', 8400, '1519BECE30015', 1, 2, 1, 1, 1, 1),
('2016-03-15', 'CE202', 8401, '1519BECE30016', 1, 2, 1, 1, 1, 1),
('2016-03-18', 'CE202', 8402, '1519BECE30016', 1, 2, 1, 1, 1, 1),
('2016-03-15', 'CE202', 8403, '1519BECE30017', 1, 2, 1, 1, 1, 1),
('2016-03-18', 'CE202', 8404, '1519BECE30017', 1, 2, 1, 1, 1, 1),
('2016-03-15', 'CE202', 8405, '1519BECE30018', 1, 2, 1, 1, 0, 1),
('2016-03-18', 'CE202', 8406, '1519BECE30018', 1, 2, 1, 1, 1, 1),
('2016-03-15', 'CE202', 8407, '1519BECE30019', 1, 2, 1, 1, 0, 1),
('2016-03-18', 'CE202', 8408, '1519BECE30019', 1, 2, 1, 1, 0, 1),
('2016-03-15', 'CE202', 8409, '1519BECE30020', 1, 2, 1, 1, 1, 1),
('2016-03-18', 'CE202', 8410, '1519BECE30020', 1, 2, 1, 1, 1, 1),
('2016-03-15', 'CE202', 8411, '1519BECE30022', 1, 2, 1, 1, 1, 1),
('2016-03-18', 'CE202', 8412, '1519BECE30022', 1, 2, 1, 1, 1, 1),
('2016-03-15', 'CE202', 8413, '1519BECE30023', 1, 2, 1, 1, 1, 1),
('2016-03-18', 'CE202', 8414, '1519BECE30023', 1, 2, 1, 1, 1, 1),
('2016-03-15', 'CE202', 8415, '1519BECE30024', 1, 2, 1, 1, 1, 1),
('2016-03-18', 'CE202', 8416, '1519BECE30024', 1, 2, 1, 1, 1, 1),
('2016-03-15', 'CE202', 8417, '1519BECE30025', 1, 2, 1, 1, 1, 1),
('2016-03-18', 'CE202', 8418, '1519BECE30025', 1, 2, 1, 1, 1, 1),
('2016-03-15', 'CE202', 8419, '1519BECE30026', 1, 2, 1, 1, 1, 1),
('2016-03-18', 'CE202', 8420, '1519BECE30026', 1, 2, 1, 1, 1, 1),
('2016-03-15', 'CE202', 8421, '1519BECE30027', 1, 2, 1, 1, 0, 1),
('2016-03-18', 'CE202', 8422, '1519BECE30027', 1, 2, 1, 1, 1, 1),
('2016-03-15', 'CE202', 8423, '1519BECE30028', 1, 2, 1, 1, 1, 1),
('2016-03-18', 'CE202', 8424, '1519BECE30028', 1, 2, 1, 1, 1, 1),
('2016-03-15', 'CE202', 8425, '1519BECE30029', 1, 2, 1, 1, 0, 1),
('2016-03-18', 'CE202', 8426, '1519BECE30029', 1, 2, 1, 1, 0, 1),
('2016-03-15', 'CE202', 8427, '1519BECE30030', 1, 2, 1, 1, 0, 1),
('2016-03-18', 'CE202', 8428, '1519BECE30030', 1, 2, 1, 1, 0, 1),
('2016-03-15', 'CE202', 8429, '1519BECE30031', 1, 2, 1, 1, 0, 1),
('2016-03-18', 'CE202', 8430, '1519BECE30031', 1, 2, 1, 1, 0, 1),
('2016-03-15', 'CE202', 8431, '1519BECE30032', 1, 2, 1, 1, 1, 1),
('2016-03-18', 'CE202', 8432, '1519BECE30032', 1, 2, 1, 1, 1, 1),
('2016-03-15', 'CE202', 8433, '1519BECE30033', 1, 2, 1, 1, 0, 1),
('2016-03-18', 'CE202', 8434, '1519BECE30033', 1, 2, 1, 1, 0, 1),
('2016-03-15', 'CE202', 8435, '1519BECE30034', 1, 2, 1, 1, 1, 1),
('2016-03-18', 'CE202', 8436, '1519BECE30034', 1, 2, 1, 1, 1, 1),
('2016-03-15', 'CE202', 8437, '1519BECE30035', 1, 2, 1, 1, 1, 1),
('2016-03-18', 'CE202', 8438, '1519BECE30035', 1, 2, 1, 1, 1, 1),
('2016-03-15', 'CE202', 8439, '1519BECE30036', 1, 2, 1, 1, 1, 1),
('2016-03-18', 'CE202', 8440, '1519BECE30036', 1, 2, 1, 1, 1, 1),
('2016-03-15', 'CE202', 8441, '1519BECE30037', 1, 2, 1, 1, 0, 1),
('2016-03-18', 'CE202', 8442, '1519BECE30037', 1, 2, 1, 1, 1, 1),
('2016-03-15', 'CE202', 8443, '1519BECE30038', 1, 2, 1, 1, 1, 1),
('2016-03-18', 'CE202', 8444, '1519BECE30038', 1, 2, 1, 1, 1, 1),
('2016-03-15', 'CE202', 8445, '1519BECE30039', 1, 2, 1, 1, 0, 1),
('2016-03-18', 'CE202', 8446, '1519BECE30039', 1, 2, 1, 1, 1, 1),
('2016-03-15', 'CE202', 8447, '1519BECE30040', 1, 2, 1, 1, 0, 1),
('2016-03-18', 'CE202', 8448, '1519BECE30040', 1, 2, 1, 1, 0, 1),
('2016-03-15', 'CE202', 8449, '1519BECE30041', 1, 2, 1, 1, 0, 1),
('2016-03-18', 'CE202', 8450, '1519BECE30041', 1, 2, 1, 1, 0, 1),
('2016-03-15', 'CE202', 8451, '1519BECE30042', 1, 2, 1, 1, 0, 1),
('2016-03-18', 'CE202', 8452, '1519BECE30042', 1, 2, 1, 1, 0, 1),
('2016-03-15', 'CE202', 8453, '1519BECE30043', 1, 2, 1, 1, 0, 1),
('2016-03-18', 'CE202', 8454, '1519BECE30043', 1, 2, 1, 1, 0, 1),
('2016-03-15', 'CE202', 8455, '1519BECE30044', 1, 2, 1, 1, 1, 1),
('2016-03-18', 'CE202', 8456, '1519BECE30044', 1, 2, 1, 1, 1, 1),
('2016-03-15', 'CE202', 8457, '1519BECE30045', 1, 2, 1, 1, 1, 1),
('2016-03-18', 'CE202', 8458, '1519BECE30045', 1, 2, 1, 1, 1, 1),
('2016-03-15', 'CE202', 8459, '1519BECE30046', 1, 2, 1, 1, 0, 1),
('2016-03-18', 'CE202', 8460, '1519BECE30046', 1, 2, 1, 1, 0, 1),
('2016-03-15', 'CE202', 8461, '1519BECE30047', 1, 2, 1, 1, 0, 1),
('2016-03-18', 'CE202', 8462, '1519BECE30047', 1, 2, 1, 1, 0, 1),
('2016-03-15', 'CE202', 8463, '1519BECE30048', 1, 2, 1, 1, 1, 1),
('2016-03-18', 'CE202', 8464, '1519BECE30048', 1, 2, 1, 1, 1, 1),
('2016-03-15', 'CE202', 8465, '1519BECE30049', 1, 2, 1, 1, 1, 1),
('2016-03-18', 'CE202', 8466, '1519BECE30049', 1, 2, 1, 1, 1, 1),
('2016-03-15', 'CE202', 8467, '1519BECE30050', 1, 2, 1, 1, 0, 1),
('2016-03-18', 'CE202', 8468, '1519BECE30050', 1, 2, 1, 1, 0, 1),
('2016-03-15', 'CE202', 8469, '1519BECE30051', 1, 2, 1, 1, 0, 1),
('2016-03-18', 'CE202', 8470, '1519BECE30051', 1, 2, 1, 1, 0, 1),
('2016-03-15', 'CE202', 8471, '1519BECE30052', 1, 2, 1, 1, 1, 1),
('2016-03-18', 'CE202', 8472, '1519BECE30052', 1, 2, 1, 1, 1, 1),
('2016-03-15', 'CE202', 8473, '1519BECE30053', 1, 2, 1, 1, 0, 1),
('2016-03-18', 'CE202', 8474, '1519BECE30053', 1, 2, 1, 1, 0, 1),
('2016-03-15', 'CE202', 8475, '1519BECE30055', 1, 2, 1, 1, 0, 1),
('2016-03-18', 'CE202', 8476, '1519BECE30055', 1, 2, 1, 1, 1, 1),
('2016-03-15', 'CE202', 8477, '1519BECE30056', 1, 2, 1, 1, 1, 1),
('2016-03-18', 'CE202', 8478, '1519BECE30056', 1, 2, 1, 1, 1, 1),
('2016-03-15', 'CE202', 8479, '1519BECE30057', 1, 2, 1, 1, 1, 1),
('2016-03-18', 'CE202', 8480, '1519BECE30057', 1, 2, 1, 1, 1, 1),
('2016-03-15', 'CE202', 8481, '1519BECE30058', 1, 2, 1, 1, 0, 1),
('2016-03-18', 'CE202', 8482, '1519BECE30058', 1, 2, 1, 1, 0, 1),
('2016-03-15', 'CE202', 8483, '1519BECE30059', 1, 2, 1, 1, 0, 1),
('2016-03-18', 'CE202', 8484, '1519BECE30059', 1, 2, 1, 1, 0, 1),
('2016-03-15', 'CE202', 8485, '1519BECE30060', 1, 2, 1, 1, 1, 1),
('2016-03-18', 'CE202', 8486, '1519BECE30060', 1, 2, 1, 1, 1, 1),
('2016-03-15', 'CE202', 8487, '1519BECE30061', 1, 2, 1, 1, 0, 1),
('2016-03-18', 'CE202', 8488, '1519BECE30061', 1, 2, 1, 1, 0, 1),
('2016-03-15', 'CE202', 8489, '1519BECE30062', 1, 2, 1, 1, 1, 1),
('2016-03-18', 'CE202', 8490, '1519BECE30062', 1, 2, 1, 1, 1, 1),
('2016-03-15', 'CE202', 8491, '1519BECE30063', 1, 2, 1, 1, 1, 1),
('2016-03-18', 'CE202', 8492, '1519BECE30063', 1, 2, 1, 1, 1, 1),
('2016-03-15', 'CE202', 8493, '1418BECE30022', 1, 2, 1, 1, 0, 1),
('2016-03-18', 'CE202', 8494, '1418BECE30022', 1, 2, 1, 1, 0, 1);

-- --------------------------------------------------------

--
-- Table structure for table `batch_year`
--

CREATE TABLE `batch_year` (
  `Batch_YearID` int(11) NOT NULL,
  `Starting_Year` int(4) unsigned NOT NULL DEFAULT '2012',
  `Ending_Year` int(4) unsigned NOT NULL DEFAULT '2016',
  `Comments` int(11) DEFAULT NULL
) ENGINE=InnoDB AUTO_INCREMENT=4 DEFAULT CHARSET=latin1 COMMENT='Like Batch Of 2012-2016, or 2014-2018, etc.... ';

--
-- Dumping data for table `batch_year`
--

INSERT INTO `batch_year` (`Batch_YearID`, `Starting_Year`, `Ending_Year`, `Comments`) VALUES
(1, 2012, 2016, NULL),
(3, 2013, 2016, NULL);

-- --------------------------------------------------------

--
-- Table structure for table `department_data`
--

CREATE TABLE `department_data` (
  `DepartmentID` int(11) NOT NULL,
  `Department_Name` varchar(32) NOT NULL,
  `Head_Of_Depertment` varchar(32) DEFAULT NULL COMMENT 'Optional'
) ENGINE=InnoDB AUTO_INCREMENT=3 DEFAULT CHARSET=latin1;

--
-- Dumping data for table `department_data`
--

INSERT INTO `department_data` (`DepartmentID`, `Department_Name`, `Head_Of_Depertment`) VALUES
(1, 'Computer', 'A.K.Gohel'),
(2, 'Civil', 'Xyz');

-- --------------------------------------------------------

--
-- Table structure for table `division_data`
--

CREATE TABLE `division_data` (
  `DivisionID` int(11) NOT NULL,
  `Division_Name` varchar(10) NOT NULL COMMENT 'Division Letter',
  `DepartmentID` int(11) NOT NULL COMMENT 'FK--->'
) ENGINE=InnoDB AUTO_INCREMENT=4 DEFAULT CHARSET=latin1;

--
-- Dumping data for table `division_data`
--

INSERT INTO `division_data` (`DivisionID`, `Division_Name`, `DepartmentID`) VALUES
(1, 'E', 1),
(2, 'B', 1),
(3, 'C', 2);

-- --------------------------------------------------------

--
-- Table structure for table `faculty_data`
--

CREATE TABLE `faculty_data` (
  `FacultyID` int(11) NOT NULL,
  `User_Name` varchar(50) NOT NULL,
  `Password` varchar(32) NOT NULL,
  `DepartmentID` int(11) NOT NULL COMMENT 'FK--->"DepartmentId@faculty_data"',
  `First_Name` varchar(32) NOT NULL,
  `Middle_Name` varchar(32) DEFAULT NULL COMMENT 'Optional',
  `Last_Name` varchar(32) NOT NULL,
  `designation` varchar(50) DEFAULT NULL
) ENGINE=InnoDB AUTO_INCREMENT=3 DEFAULT CHARSET=latin1 COMMENT='This table is made to store Faculty Data for login purpose ';

--
-- Dumping data for table `faculty_data`
--

INSERT INTO `faculty_data` (`FacultyID`, `User_Name`, `Password`, `DepartmentID`, `First_Name`, `Middle_Name`, `Last_Name`, `designation`) VALUES
(1, 'chirag.pandya', '1234', 1, 'Chirag', NULL, 'Pandya', 'Assistant Professor '),
(2, 'jashvant.dave', 'a', 1, 'Jashvant', '', 'Dave', 'Assistant Professor');

-- --------------------------------------------------------

--
-- Table structure for table `index_of_google_sheet`
--

CREATE TABLE `index_of_google_sheet` (
  `Sr_No` int(11) unsigned NOT NULL,
  `Subject_Code` varchar(6) NOT NULL COMMENT 'FK--->"Subject_Code@index_of_ooogle_sheet"',
  `DivisionID` int(11) NOT NULL COMMENT 'FK--->"Division@index_of_ooogle_sheet"',
  `Link_Part_1` varchar(500) NOT NULL COMMENT 'Still To Change',
  `GID` varchar(100) NOT NULL COMMENT 'Still To Change'
) ENGINE=InnoDB AUTO_INCREMENT=11 DEFAULT CHARSET=latin1;

--
-- Dumping data for table `index_of_google_sheet`
--

INSERT INTO `index_of_google_sheet` (`Sr_No`, `Subject_Code`, `DivisionID`, `Link_Part_1`, `GID`) VALUES
(5, 'CE201', 1, 'https://docs.google.com/spreadsheets/d/1Mnd8o5kcNB_WPlGcplhxnzto3_f-7SfFySH8ej2L9W4/pub?output=csv', '1477324109'),
(6, 'CE202', 1, 'https://docs.google.com/spreadsheets/d/1Mnd8o5kcNB_WPlGcplhxnzto3_f-7SfFySH8ej2L9W4/pub?output=csv', '1096499391'),
(7, 'CE203', 1, 'https://docs.google.com/spreadsheets/d/1Mnd8o5kcNB_WPlGcplhxnzto3_f-7SfFySH8ej2L9W4/pub?output=csv', '1487816035'),
(8, 'CE204', 1, 'https://docs.google.com/spreadsheets/d/1Mnd8o5kcNB_WPlGcplhxnzto3_f-7SfFySH8ej2L9W4/pub?output=csv', '1133737455'),
(9, 'CE205', 1, 'https://docs.google.com/spreadsheets/d/1Mnd8o5kcNB_WPlGcplhxnzto3_f-7SfFySH8ej2L9W4/pub?output=csv', '1799992508'),
(10, 'CE206', 1, 'https://docs.google.com/spreadsheets/d/1Mnd8o5kcNB_WPlGcplhxnzto3_f-7SfFySH8ej2L9W4/pub?output=csv', '249065946');

-- --------------------------------------------------------

--
-- Table structure for table `semester`
--

CREATE TABLE `semester` (
  `Semester` int(11) NOT NULL,
  `IsRunning` bit(1) NOT NULL DEFAULT b'0'
) ENGINE=InnoDB DEFAULT CHARSET=latin1;

--
-- Dumping data for table `semester`
--

INSERT INTO `semester` (`Semester`, `IsRunning`) VALUES
(1, b'0'),
(2, b'1'),
(3, b'0'),
(4, b'0'),
(5, b'0'),
(6, b'0'),
(7, b'0'),
(8, b'0');

-- --------------------------------------------------------

--
-- Table structure for table `semester_start_end_date`
--

CREATE TABLE `semester_start_end_date` (
  `Semester` int(11) NOT NULL COMMENT 'FK---->',
  `DepartmentID` int(11) NOT NULL COMMENT 'Fk--->',
  `Start_Date` date NOT NULL,
  `End_Date` date DEFAULT NULL
) ENGINE=InnoDB DEFAULT CHARSET=latin1;

-- --------------------------------------------------------

--
-- Table structure for table `student_data`
--

CREATE TABLE `student_data` (
  `StudentID` int(11) NOT NULL COMMENT 'System Wide Unique Identification Number',
  `Eroll_Number` varchar(20) NOT NULL COMMENT 'Erollment Number',
  `First_Name` varchar(32) NOT NULL,
  `Middle_Name` varchar(32) DEFAULT NULL,
  `Last_Name` varchar(32) NOT NULL,
  `Email_Student` varchar(100) NOT NULL,
  `Email_Parent` varchar(100) DEFAULT NULL COMMENT 'Parent''s Email ID',
  `Mobile_Student` bigint(11) unsigned NOT NULL COMMENT 'Without Any Area Code',
  `Mobile_Parent` bigint(11) unsigned NOT NULL COMMENT 'Without Any Area Code',
  `DepartmentID` int(11) NOT NULL COMMENT 'FK-->',
  `Semester` int(11) NOT NULL COMMENT 'FK--->',
  `DivisionID` int(11) NOT NULL COMMENT 'FK--->',
  `Batch_YearID` int(11) NOT NULL COMMENT 'FK--->',
  `IsDetained` tinyint(1) NOT NULL DEFAULT '0' COMMENT '0=No, 1=Yes'
) ENGINE=InnoDB AUTO_INCREMENT=2 DEFAULT CHARSET=latin1 COMMENT='Student''s Data Storage';

--
-- Dumping data for table `student_data`
--

INSERT INTO `student_data` (`StudentID`, `Eroll_Number`, `First_Name`, `Middle_Name`, `Last_Name`, `Email_Student`, `Email_Parent`, `Mobile_Student`, `Mobile_Parent`, `DepartmentID`, `Semester`, `DivisionID`, `Batch_YearID`, `IsDetained`) VALUES
(1, '21316SBECE30025', 'Karan', 'Bhrugesh', 'Sheth', 'karan.sheth@gmail.com', 'karansheth18@gmail.com', 9429000898, 9429000898, 1, 8, 1, 1, 0);

-- --------------------------------------------------------

--
-- Table structure for table `subject_data`
--

CREATE TABLE `subject_data` (
  `Sr No` int(11) NOT NULL,
  `Subject_Code` varchar(6) NOT NULL COMMENT 'Format={LLNNNX} where L= letter, N=Number, X=Extra Flag',
  `Subject_Name` varchar(100) NOT NULL,
  `Semester` int(11) NOT NULL COMMENT 'FK----->"Semester@Subject_Data"',
  `DepartmentID` int(11) NOT NULL COMMENT 'FK--->"DepartmentID@Department_Data"',
  `IsElective` tinyint(1) unsigned NOT NULL COMMENT '0= No, 1=Yes',
  `Extra_Flag_Code` int(11) DEFAULT NULL COMMENT 'Like CE 601-X Here is is value in this text Field ....'
) ENGINE=InnoDB AUTO_INCREMENT=9 DEFAULT CHARSET=latin1;

--
-- Dumping data for table `subject_data`
--

INSERT INTO `subject_data` (`Sr No`, `Subject_Code`, `Subject_Name`, `Semester`, `DepartmentID`, `IsElective`, `Extra_Flag_Code`) VALUES
(1, 'CE101', 'Testing', 8, 1, 0, NULL),
(3, 'CE201', 'Maths2', 2, 1, 0, 0),
(4, 'CE202', 'Physics', 2, 1, 0, 0),
(5, 'CE203', 'CS', 2, 1, 0, 0),
(6, 'CE204', 'FOP', 2, 1, 0, 0),
(7, 'CE205', 'MOS', 2, 1, 0, 0),
(8, 'CE206', 'EG', 2, 1, 0, 0);

-- --------------------------------------------------------

--
-- Table structure for table `subject_teaching_faculty_record`
--

CREATE TABLE `subject_teaching_faculty_record` (
  `Sr_No` int(11) NOT NULL,
  `Subject_Code` varchar(6) NOT NULL COMMENT 'FK---->"Subject_Code@subject_teaching_faculty_record"',
  `FacultyID` int(11) NOT NULL COMMENT 'FK--->"FacultyID@subject_teaching_faculty_record"',
  `DepartmentID` int(11) NOT NULL COMMENT 'FK--->"DepartmentID@subject_teaching_faculty_record"',
  `Semester` int(11) NOT NULL COMMENT 'FK--->"Semester@subject_teaching_faculty_record"',
  `DivisionID` int(11) NOT NULL COMMENT 'FK--->"DivisionID@subject_teaching_faculty_record"',
  `Batch_YearID` int(11) NOT NULL COMMENT 'FK--->"Batch_YearID@subject_teaching_faculty_record"'
) ENGINE=InnoDB AUTO_INCREMENT=13 DEFAULT CHARSET=latin1;

--
-- Dumping data for table `subject_teaching_faculty_record`
--

INSERT INTO `subject_teaching_faculty_record` (`Sr_No`, `Subject_Code`, `FacultyID`, `DepartmentID`, `Semester`, `DivisionID`, `Batch_YearID`) VALUES
(2, 'CE101', 1, 1, 2, 1, 1),
(12, 'CE101', 1, 1, 2, 2, 1),
(8, 'CE101', 1, 1, 3, 1, 1),
(7, 'CE101', 1, 1, 5, 1, 1),
(11, 'CE101', 1, 1, 6, 1, 1);

-- --------------------------------------------------------

--
-- Table structure for table `time_table_slot_numbers`
--

CREATE TABLE `time_table_slot_numbers` (
  `slot_number` int(2) NOT NULL
) ENGINE=InnoDB DEFAULT CHARSET=latin1;

--
-- Dumping data for table `time_table_slot_numbers`
--

INSERT INTO `time_table_slot_numbers` (`slot_number`) VALUES
(0),
(1),
(2),
(3),
(4),
(5),
(6);

--
-- Indexes for dumped tables
--

--
-- Indexes for table `att_testing_struct`
--
ALTER TABLE `att_testing_struct`
  ADD PRIMARY KEY (`Sr no`),
  ADD UNIQUE KEY `No_Duplicate` (`Erol`,`DepartmentID`,`Semester`,`DivisionID`,`BatchID`,`Lacture_Date`,`Subject_Code`,`SDLN`);

--
-- Indexes for table `batch_year`
--
ALTER TABLE `batch_year`
  ADD PRIMARY KEY (`Batch_YearID`),
  ADD UNIQUE KEY `No Duplication Of Same Range Batches` (`Starting_Year`,`Ending_Year`);

--
-- Indexes for table `department_data`
--
ALTER TABLE `department_data`
  ADD PRIMARY KEY (`DepartmentID`);

--
-- Indexes for table `division_data`
--
ALTER TABLE `division_data`
  ADD PRIMARY KEY (`DivisionID`),
  ADD KEY `DepartmentID@division_data_idx` (`DepartmentID`);

--
-- Indexes for table `faculty_data`
--
ALTER TABLE `faculty_data`
  ADD PRIMARY KEY (`FacultyID`),
  ADD UNIQUE KEY `User_Name` (`User_Name`),
  ADD KEY `DepartmentId@faculty_data_idx` (`DepartmentID`);

--
-- Indexes for table `index_of_google_sheet`
--
ALTER TABLE `index_of_google_sheet`
  ADD PRIMARY KEY (`Sr_No`),
  ADD UNIQUE KEY `No Duplication Of Same Subject in same Division` (`Subject_Code`,`DivisionID`) COMMENT 'To avoid Ambiguity of File',
  ADD KEY `Division@index_of_ooogle_sheet_idx` (`DivisionID`),
  ADD KEY `Subject_Code@index_of_ooogle_sheet_idx` (`Subject_Code`);

--
-- Indexes for table `semester`
--
ALTER TABLE `semester`
  ADD PRIMARY KEY (`Semester`);

--
-- Indexes for table `student_data`
--
ALTER TABLE `student_data`
  ADD PRIMARY KEY (`StudentID`),
  ADD UNIQUE KEY `Eroll_Number` (`Eroll_Number`),
  ADD KEY `DepartmentID@student_data_idx` (`DepartmentID`),
  ADD KEY `Semester@student_data_idx` (`Semester`),
  ADD KEY `DivisionID@student_data_idx` (`DivisionID`),
  ADD KEY `Batch_YearID_idx` (`Batch_YearID`);

--
-- Indexes for table `subject_data`
--
ALTER TABLE `subject_data`
  ADD PRIMARY KEY (`Sr No`),
  ADD UNIQUE KEY `Unique Subject Code in Department` (`Subject_Code`,`DepartmentID`),
  ADD KEY `DepartmentID@Subject_Data_idx` (`DepartmentID`),
  ADD KEY `Semester@Subject_Data_idx` (`Semester`);

--
-- Indexes for table `subject_teaching_faculty_record`
--
ALTER TABLE `subject_teaching_faculty_record`
  ADD PRIMARY KEY (`Sr_No`),
  ADD UNIQUE KEY `No Duplication` (`Subject_Code`,`FacultyID`,`DepartmentID`,`Semester`,`DivisionID`,`Batch_YearID`),
  ADD KEY `Subject_Code@	subject_teaching_faculty_record_idx` (`Subject_Code`),
  ADD KEY `FacultyID@subject_teaching_faculty_record_idx` (`FacultyID`),
  ADD KEY `Semester@subject_teaching_faculty_record_idx` (`Semester`),
  ADD KEY `DepartmentID@subject_teaching_faculty_record_idx` (`DepartmentID`),
  ADD KEY `DivisionID@subject_teaching_faculty_record_idx` (`DivisionID`),
  ADD KEY `Batch_YearID@subject_teaching_faculty_record_idx` (`Batch_YearID`);

--
-- Indexes for table `time_table_slot_numbers`
--
ALTER TABLE `time_table_slot_numbers`
  ADD PRIMARY KEY (`slot_number`);

--
-- AUTO_INCREMENT for dumped tables
--

--
-- AUTO_INCREMENT for table `att_testing_struct`
--
ALTER TABLE `att_testing_struct`
  MODIFY `Sr no` int(11) NOT NULL AUTO_INCREMENT,AUTO_INCREMENT=8495;
--
-- AUTO_INCREMENT for table `batch_year`
--
ALTER TABLE `batch_year`
  MODIFY `Batch_YearID` int(11) NOT NULL AUTO_INCREMENT,AUTO_INCREMENT=4;
--
-- AUTO_INCREMENT for table `department_data`
--
ALTER TABLE `department_data`
  MODIFY `DepartmentID` int(11) NOT NULL AUTO_INCREMENT,AUTO_INCREMENT=3;
--
-- AUTO_INCREMENT for table `division_data`
--
ALTER TABLE `division_data`
  MODIFY `DivisionID` int(11) NOT NULL AUTO_INCREMENT,AUTO_INCREMENT=4;
--
-- AUTO_INCREMENT for table `faculty_data`
--
ALTER TABLE `faculty_data`
  MODIFY `FacultyID` int(11) NOT NULL AUTO_INCREMENT,AUTO_INCREMENT=3;
--
-- AUTO_INCREMENT for table `index_of_google_sheet`
--
ALTER TABLE `index_of_google_sheet`
  MODIFY `Sr_No` int(11) unsigned NOT NULL AUTO_INCREMENT,AUTO_INCREMENT=11;
--
-- AUTO_INCREMENT for table `student_data`
--
ALTER TABLE `student_data`
  MODIFY `StudentID` int(11) NOT NULL AUTO_INCREMENT COMMENT 'System Wide Unique Identification Number',AUTO_INCREMENT=2;
--
-- AUTO_INCREMENT for table `subject_data`
--
ALTER TABLE `subject_data`
  MODIFY `Sr No` int(11) NOT NULL AUTO_INCREMENT,AUTO_INCREMENT=9;
--
-- AUTO_INCREMENT for table `subject_teaching_faculty_record`
--
ALTER TABLE `subject_teaching_faculty_record`
  MODIFY `Sr_No` int(11) NOT NULL AUTO_INCREMENT,AUTO_INCREMENT=13;
--
-- Constraints for dumped tables
--

--
-- Constraints for table `division_data`
--
ALTER TABLE `division_data`
  ADD CONSTRAINT `DepartmentID@division_data` FOREIGN KEY (`DepartmentID`) REFERENCES `department_data` (`DepartmentID`) ON DELETE NO ACTION ON UPDATE CASCADE;

--
-- Constraints for table `faculty_data`
--
ALTER TABLE `faculty_data`
  ADD CONSTRAINT `DepartmentId@faculty_data` FOREIGN KEY (`DepartmentID`) REFERENCES `department_data` (`DepartmentID`) ON DELETE CASCADE ON UPDATE CASCADE;

--
-- Constraints for table `index_of_google_sheet`
--
ALTER TABLE `index_of_google_sheet`
  ADD CONSTRAINT `Division@index_of_ooogle_sheet` FOREIGN KEY (`DivisionID`) REFERENCES `division_data` (`DivisionID`) ON DELETE NO ACTION ON UPDATE NO ACTION,
  ADD CONSTRAINT `Subject_Code@index_of_ooogle_sheet` FOREIGN KEY (`Subject_Code`) REFERENCES `subject_data` (`Subject_Code`) ON DELETE NO ACTION ON UPDATE CASCADE;

--
-- Constraints for table `student_data`
--
ALTER TABLE `student_data`
  ADD CONSTRAINT `Batch_YearID` FOREIGN KEY (`Batch_YearID`) REFERENCES `batch_year` (`Batch_YearID`) ON DELETE NO ACTION ON UPDATE CASCADE,
  ADD CONSTRAINT `DepartmentID@student_data` FOREIGN KEY (`DepartmentID`) REFERENCES `department_data` (`DepartmentID`) ON DELETE NO ACTION ON UPDATE CASCADE,
  ADD CONSTRAINT `DivisionID@student_data` FOREIGN KEY (`DivisionID`) REFERENCES `division_data` (`DivisionID`) ON DELETE NO ACTION ON UPDATE CASCADE,
  ADD CONSTRAINT `Semester@student_data` FOREIGN KEY (`Semester`) REFERENCES `semester` (`Semester`) ON DELETE NO ACTION ON UPDATE NO ACTION;

--
-- Constraints for table `subject_data`
--
ALTER TABLE `subject_data`
  ADD CONSTRAINT `DepartmentID@Subject_Data` FOREIGN KEY (`DepartmentID`) REFERENCES `department_data` (`DepartmentID`) ON DELETE CASCADE ON UPDATE CASCADE,
  ADD CONSTRAINT `Semester@Subject_Data` FOREIGN KEY (`Semester`) REFERENCES `semester` (`Semester`) ON DELETE CASCADE ON UPDATE CASCADE;

--
-- Constraints for table `subject_teaching_faculty_record`
--
ALTER TABLE `subject_teaching_faculty_record`
  ADD CONSTRAINT `Batch_YearID@subject_teaching_faculty_record` FOREIGN KEY (`Batch_YearID`) REFERENCES `batch_year` (`Batch_YearID`) ON DELETE NO ACTION ON UPDATE NO ACTION,
  ADD CONSTRAINT `DepartmentID@subject_teaching_faculty_record` FOREIGN KEY (`DepartmentID`) REFERENCES `department_data` (`DepartmentID`) ON DELETE NO ACTION ON UPDATE CASCADE,
  ADD CONSTRAINT `DivisionID@subject_teaching_faculty_record` FOREIGN KEY (`DivisionID`) REFERENCES `division_data` (`DivisionID`) ON DELETE NO ACTION ON UPDATE NO ACTION,
  ADD CONSTRAINT `FacultyID@subject_teaching_faculty_record` FOREIGN KEY (`FacultyID`) REFERENCES `faculty_data` (`FacultyID`) ON DELETE NO ACTION ON UPDATE NO ACTION,
  ADD CONSTRAINT `Semester@subject_teaching_faculty_record` FOREIGN KEY (`Semester`) REFERENCES `semester` (`Semester`) ON DELETE NO ACTION ON UPDATE NO ACTION,
  ADD CONSTRAINT `Subject_Code@subject_teaching_faculty_record` FOREIGN KEY (`Subject_Code`) REFERENCES `subject_data` (`Subject_Code`) ON DELETE NO ACTION ON UPDATE NO ACTION;

/*!40101 SET CHARACTER_SET_CLIENT=@OLD_CHARACTER_SET_CLIENT */;
/*!40101 SET CHARACTER_SET_RESULTS=@OLD_CHARACTER_SET_RESULTS */;
/*!40101 SET COLLATION_CONNECTION=@OLD_COLLATION_CONNECTION */;
